"mid","subid","standard_question","standard_answer"
"65","0","一定质量的理想气体经历等温膨胀，对外做功 \( A = 500 \, \mathrm{J} \)，求气体吸收的热量 \( Q \)。 (结果以$ \mathrm{\;J}  $为单位，保留3位有效数字)","  500"
"65","1","一定质量的理想气体经历等温膨胀，对外做功 \( A = 600 \, \mathrm{J} \)，求气体吸收的热量 \( Q \)。 (结果以$ \mathrm{\;J}  $为单位，保留3位有效数字)","  600"
"65","2","一定质量的理想气体经历等温膨胀，对外做功 \( A = 700 \, \mathrm{J} \)，求气体吸收的热量 \( Q \)。 (结果以$ \mathrm{\;J}  $为单位，保留3位有效数字)","  700"
"65","3","一定质量的理想气体经历等温膨胀，对外做功 \( A = 800 \, \mathrm{J} \)，求气体吸收的热量 \( Q \)。 (结果以$ \mathrm{\;J}  $为单位，保留3位有效数字)","  800"
"34","0","作简谐运动的质点，速度最大值为 \( v_{\mathrm{m}} = 3\,\mathrm{cm/s} \)，振幅 \( A = 2\,\mathrm{cm} \)，若从经过平衡位置向正方向运动的时刻开始计时。求振动的周期。 (结果以$ \mathrm{\;s} $为单位，保留2位有效数字)","4.2"
"34","1","作简谐运动的质点，速度最大值为 \( v_{\mathrm{m}} = 3\,\mathrm{cm/s} \)，振幅 \( A = 3\,\mathrm{cm} \)，若从经过平衡位置向正方向运动的时刻开始计时。求振动的周期。 (结果以$ \mathrm{\;s} $为单位，保留2位有效数字)","6.3"
"34","2","作简谐运动的质点，速度最大值为 \( v_{\mathrm{m}} = 3\,\mathrm{cm/s} \)，振幅 \( A = 1\,\mathrm{cm} \)，若从经过平衡位置向正方向运动的时刻开始计时。求振动的周期。 (结果以$ \mathrm{\;s} $为单位，保留2位有效数字)","2.1"
"34","3","作简谐运动的质点，速度最大值为 \( v_{\mathrm{m}} = 3\,\mathrm{cm/s} \)，振幅 \( A = 4\,\mathrm{cm} \)，若从经过平衡位置向正方向运动的时刻开始计时。求振动的周期。 (结果以$ \mathrm{\;s} $为单位，保留2位有效数字)","8.4"
"10","0","在 \( 60\mathrm{\;m} \) 赛跑中，一运动员从静止开始做匀加速运动，经过 \( 10\mathrm{\;m} \) 后速度达到 \( 8\mathrm{\;m}/\mathrm{s} \)，随后因腿部不适导致速度减小，且速度大小与从起点起的距离成反比。求该运动员完成整个赛程所需的时间。 (结果以$ \mathrm{\;s}  $为单位，保留5位有效数字)"," 24.375"
"10","1","在 \( 60\mathrm{\;m} \) 赛跑中，一运动员从静止开始做匀加速运动，经过 \( 10\mathrm{\;m} \) 后速度达到 \( 4\mathrm{\;m}/\mathrm{s} \)，随后因腿部不适导致速度减小，且速度大小与从起点起的距离成反比。求该运动员完成整个赛程所需的时间。 (结果以$ \mathrm{\;s}  $为单位，保留4位有效数字)"," 46.25"
"10","2","在 \( 60\mathrm{\;m} \) 赛跑中，一运动员从静止开始做匀加速运动，经过 \( 10\mathrm{\;m} \) 后速度达到 \( 16\mathrm{\;m}/\mathrm{s} \)，随后因腿部不适导致速度减小，且速度大小与从起点起的距离成反比。求该运动员完成整个赛程所需的时间。 (结果以$ \mathrm{\;s}  $为单位，保留5位有效数字)"," 11.875"
"10","3","在 \( 60\mathrm{\;m} \) 赛跑中，一运动员从静止开始做匀加速运动，经过 \( 20\mathrm{\;m} \) 后速度达到 \( 8\mathrm{\;m}/\mathrm{s} \)，随后因腿部不适导致速度减小，且速度大小与从起点起的距离成反比。求该运动员完成整个赛程所需的时间。 (结果以$ \mathrm{\;s}  $为单位，保留5位有效数字)"," 14.688"
"1","0","考虑一个真空热电子装置，阴极和阳极为两个平行板电极，每块电极的面积为 \( 2.0 \, \text{cm}^2 \)。电流 \( I = 50 \, \text{mA} \) 仅由电子从阴极向阳极的运动产生。电子撞击阳极时的速度为 \( 1.2 \times 10^7 \, \text{m/s} \)，电子电荷大小为 \( 1.6 \times 10^{-19} \, \text{C} \)，求阳极附近每立方毫米体积内的电子数目。 (结果使用科学计数法，以$ {\mathrm{{mm}}}^{3}  $为单位，保留2位有效数字)","1.3 \times 10^{5}"
"1","1","考虑一个真空热电子装置，阴极和阳极为两个平行板电极，每块电极的面积为 \( 1.0 \, \text{cm}^2 \)。电流 \( I = 50 \, \text{mA} \) 仅由电子从阴极向阳极的运动产生。电子撞击阳极时的速度为 \( 1.2 \times 10^7 \, \text{m/s} \)，电子电荷大小为 \( 1.6 \times 10^{-19} \, \text{C} \)，求阳极附近每立方毫米体积内的电子数目。 (结果使用科学计数法，保留3位有效数字)","2.60 \times 10^{5}"
"1","2","考虑一个真空热电子装置，阴极和阳极为两个平行板电极，每块电极的面积为 \( 3.0 \, \text{cm}^2 \)。电流 \( I = 50 \, \text{mA} \) 仅由电子从阴极向阳极的运动产生。电子撞击阳极时的速度为 \( 1.2 \times 10^7 \, \text{m/s} \)，电子电荷大小为 \( 1.6 \times 10^{-19} \, \text{C} \)，求阳极附近每立方毫米体积内的电子数目。 (结果使用科学计数法，保留3位有效数字)","8.68 \times 10^{4}"
"1","3","考虑一个真空热电子装置，阴极和阳极为两个平行板电极，每块电极的面积为 \( 4.0 \, \text{cm}^2 \)。电流 \( I = 50 \, \text{mA} \) 仅由电子从阴极向阳极的运动产生。电子撞击阳极时的速度为 \( 1.2 \times 10^7 \, \text{m/s} \)，电子电荷大小为 \( 1.6 \times 10^{-19} \, \text{C} \)，求阳极附近每立方毫米体积内的电子数目。 (结果使用科学计数法，保留3位有效数字)","6.51 \times 10^{4}"
"2","0","太阳的质量为 \( 2 \times 10^{33} \) g。若太阳完全由氢原子构成，试估算其内部电子的总数目。 (结果使用科学计数法，保留2位有效数字)","1.2 \times 10^{57}"
"2","1","太阳的质量为 \( 3 \times 10^{33} \) g。若太阳完全由氢原子构成，试估算其内部电子的总数目。 (结果使用科学计数法，保留2位有效数字)","1.8 \times 10^{57}"
"2","2","太阳的质量为 \( 4 \times 10^{33} \) g。若太阳完全由氢原子构成，试估算其内部电子的总数目。 (结果使用科学计数法，保留2位有效数字)","2.4 \times 10^{57}"
"2","3","太阳的质量为 \( 5 \times 10^{33} \) g。若太阳完全由氢原子构成，试估算其内部电子的总数目。 (结果使用科学计数法，保留2位有效数字)","3.0 \times 10^{57}"
"7","0","在开阔海洋上，一次形成的洋波速度为 \( 740  \mathrm{km/h} \)，波长为 \( 300  \mathrm{km} \)。传播 \( 8000  \mathrm{km} \) 的距离需要多长时间？ (结果以$ \mathrm{\;h} $为单位，保留3位有效数字)"," 10.8"
"7","1","在开阔海洋上，一次形成的洋波速度为 \( 740  \mathrm{km/h} \)，波长为 \( 300  \mathrm{km} \)。传播 \( 9000 \mathrm{km} \) 的距离需要多长时间？ (结果保留4位有效数字)","12.16"
"7","2","在开阔海洋上，一次形成的洋波速度为 \( 740  \mathrm{km/h} \)，波长为 \( 300  \mathrm{km} \)。传播 \( 7000 \mathrm{km} \) 的距离需要多长时间？ (结果保留3位有效数字)","9.45"
"7","3","在开阔海洋上，一次形成的洋波速度为 \( 740  \mathrm{km/h} \)，波长为 \( 300  \mathrm{km} \)。传播 \( 6000  \mathrm{km} \) 的距离需要多长时间？ (结果保留3位有效数字)","8.10"
"75","0","一个电子以 \( v = 0.99c \) 的速度运动（其中 \( c \) 表示真空中的光速），已知其静止质量 \( m_e = 9.11 \times 10^{-31} \, \text{kg} \)。计算该电子的经典力学动能与相对论动能之比。 (结果使用科学计数法，保留3位有效数字)","8.04 \times 10^{-2}"
"75","1","一个电子以 \( v = 0.98c \) 的速度运动（其中 \( c \) 表示真空中的光速），已知其静止质量 \( m_e = 9.11 \times 10^{-31} \, \text{kg} \)。计算该电子的经典力学动能与相对论动能之比。 (结果使用科学计数法，保留3位有效数字)","1.19 \times 10^{-1}"
"75","2","一个电子以 \( v = 0.98c \) 的速度运动（其中 \( c \) 表示真空中的光速），已知其静止质量 \( m_e = 9.2 \times 10^{-31} \, \text{kg} \)。计算该电子的经典力学动能与相对论动能之比。 (结果使用科学计数法，保留3位有效数字)","1.20 \times 10^{-1}"
"75","3","一个电子以 \( v = 0.99c \) 的速度运动（其中 \( c \) 表示真空中的光速），已知其静止质量 \( m_e = 9.15 \times 10^{-31} \, \text{kg} \)。计算该电子的经典力学动能与相对论动能之比。 (结果使用科学计数法，保留3位有效数字)","8.06 \times 10^{-2}"
"97","0","铝的逸出功为 \( 4.2 \, \mathrm{eV} \)。当波长为 \( 2000 \, \mathrm{\AA} \) 的光照射到铝表面时，所需的遏止电势差是多少？ (结果以$ \mathrm{\;V} $为单位，保留2位有效数字)"," 2.0"
"97","1","铝的逸出功为 \( 3.2 \, \mathrm{eV} \)。当波长为 \( 2000 \, \mathrm{\AA} \) 的光照射到铝表面时，所需的遏止电势差是多少？ (结果以$ \mathrm{\;V} $为单位，保留3位有效数字)"," 3.01"
"97","2","铝的逸出功为 \( 5 \, \mathrm{eV} \)。当波长为 \( 2000 \, \mathrm{\AA} \) 的光照射到铝表面时，所需的遏止电势差是多少？ (结果以$ \mathrm{\;V} $为单位，保留3位有效数字)"," 1.21"
"97","3","铝的逸出功为 \( 4.2 \, \mathrm{eV} \)。当波长为 \( 1500 \, \mathrm{\AA} \) 的光照射到铝表面时，所需的遏止电势差是多少？ (结果以$ \mathrm{\;V} $为单位，保留3位有效数字)"," 4.08"
"63","0","一台多量程灵敏电流计，每个量程均具备独立的内置电路。当选择 \( 10\mu A \) 量程接入某电路时，读数为 \( I_1 = 2.95\mu A \)；当切换到 \( 3\mu A \) 量程时，读数为 \( I_z = 2.90\mu A \)。求未接入电流计前电路中的电流强度 \( I_0 \) 。 (结果以$ \mu \mathrm{A} $为单位，保留3位有效数字)"," 2.97"
"63","1","一台多量程灵敏电流计，每个量程均具备独立的内置电路。当选择 \( 10\mu A \) 量程接入某电路时，读数为 \( I_1 = 2.85\mu A \)；当切换到 \( 3\mu A \) 量程时，读数为 \( I_z = 2.80\mu A \)。求未接入电流计前电路中的电流强度 \( I_0 \) 。 (结果以$ \mu \mathrm{A} $为单位，保留3位有效数字)"," 2.90"
"63","2","一台多量程灵敏电流计，每个量程均具备独立的内置电路。当选择 \( 10\mu A \) 量程接入某电路时，读数为 \( I_1 = 2.75\mu A \)；当切换到 \( 3\mu A \) 量程时，读数为 \( I_z = 2.70\mu A \)。求未接入电流计前电路中的电流强度 \( I_0 \) 。 (结果以$ \mu \mathrm{A} $为单位，保留2位有效数字)"," 2.7"
"63","3","一台多量程灵敏电流计，每个量程均具备独立的内置电路。当选择 \( 10\mu A \) 量程接入某电路时，读数为 \( I_1 = 2.65\mu A \)；当切换到 \( 3\mu A \) 量程时，读数为 \( I_z = 2.60\mu A \)。求未接入电流计前电路中的电流强度 \( I_0 \) 。 (结果以$ \mu \mathrm{A} $为单位，保留2位有效数字)"," 2.6"
"30","0","一个氦氖激光器在6328\(\AA\)波长工作，其谐振腔的两个平面镜间距为0.5 m。若氖原子6328 \(\AA\)谱线的自发辐射线宽典型值为0.016\(\AA\)，请估计该激光器是以单纵模还是多纵模方式运转。 (结果保留1位有效数字)","4 "
"30","1","一个氦氖激光器在5325\(\AA\)波长工作，其谐振腔的两个平面镜间距为0.5 m。若氖原子5325 \(\AA\)谱线的自发辐射线宽典型值为0.016\(\AA\)，请估计该激光器是以单纵模还是多纵模方式运转。 (结果保留1位有效数字)","6"
"30","2","一个氦氖激光器在7328\(\AA\)波长工作，其谐振腔的两个平面镜间距为0.5 m。若氖原子7328 \(\AA\)谱线的自发辐射线宽典型值为0.016\(\AA\)，请估计该激光器是以单纵模还是多纵模方式运转。 (结果保留1位有效数字)","3"
"30","3","一个氦氖激光器在4328\(\AA\)波长工作，其谐振腔的两个平面镜间距为0.5 m。若氖原子4328 \(\AA\)谱线的自发辐射线宽典型值为0.016\(\AA\)，请估计该激光器是以单纵模还是多纵模方式运转。 (结果保留1位有效数字)","9"
"56","0","一个平行板电容器，极板面积 \( S = 20  \text{cm}^2 \)，板间距离 \( d = 10  \text{mm} \)，在空气中充电至电势差 \( U_0 = 3  \text{kV} \) 后断开电源。随后，电介质完全填充板间空间，电势差降为 \( U = 1  \text{kV} \)。计算电介质每个表面上的极化电荷 \( q' \)。 (结果使用科学计数法，保留3位有效数字)","3.54 \times 10^{-7}"
"56","1","一个平行板电容器，极板面积 \( S = 30\text{cm}^2 \)，板间距离 \( d = 10  \text{mm} \)，在空气中充电至电势差 \( U_0 = 3  \text{kV} \) 后断开电源。随后，电介质完全填充板间空间，电势差降为 \( U = 1  \text{kV} \)。计算电介质每个表面上的极化电荷 \( q' \)。 (结果使用科学计数法，保留3位有效数字)","5.31 \times 10^{-7}"
"56","2","一个平行板电容器，极板面积 \( S = 20  \text{cm}^2 \)，板间距离 \( d = 15 \text{mm} \)，在空气中充电至电势差 \( U_0 = 5 \text{kV} \) 后断开电源。随后，电介质完全填充板间空间，电势差降为 \( U = 1  \text{kV} \)。计算电介质每个表面上的极化电荷 \( q' \)。 (结果使用科学计数法，保留3位有效数字)","2.36 \times 10^{-7}"
"56","3","一个平行板电容器，极板面积 \( S = 10  \text{cm}^2 \)，板间距离 \( d = 20 \text{mm} \)，在空气中充电至电势差 \( U_0 = 3  \text{kV} \) 后断开电源。随后，电介质完全填充板间空间，电势差降为 \( U = 1  \text{kV} \)。计算电介质每个表面上的极化电荷 \( q' \)。 (结果使用科学计数法，保留3位有效数字)","4.72 \times 10^{-7}"
"41","0","弹簧振子在无摩擦水平面上执行简谐运动，最大速度的大小为 \( v_m = 3 \times 10^{-2} \, \text{m/s} \)，振幅 \( A = 0.02 \, \text{m} \)。若以振子达到正向最大速度的瞬间作为时间零点，求振动周期 \( T \)。 (结果以$ \mathrm{\;s} $为单位，保留2位有效数字)","4.2"
"41","1","弹簧振子在无摩擦水平面上执行简谐运动，最大速度的大小为 \( v_m = 4 \times 10^{-2} \, \text{m/s} \)，振幅 \( A = 0.02 \, \text{m} \)。若以振子达到正向最大速度的瞬间作为时间零点，求振动周期 \( T \)。 (结果以$ \mathrm{\;s} $为单位，保留3位有效数字)","3.14"
"41","2","弹簧振子在无摩擦水平面上执行简谐运动，最大速度的大小为 \( v_m = 3 \times 10^{-2} \, \text{m/s} \)，振幅 \( A = 0.05 \, \text{m} \)。若以振子达到正向最大速度的瞬间作为时间零点，求振动周期 \( T \)。 (结果以$ \mathrm{\;s} $为单位，保留4位有效数字)","10.47"
"41","3","弹簧振子在无摩擦水平面上执行简谐运动，最大速度的大小为 \( v_m = 7 \times 10^{-2} \, \text{m/s} \)，振幅 \( A = 0.02 \, \text{m} \)。若以振子达到正向最大速度的瞬间作为时间零点，求振动周期 \( T \)。 (结果以$ \mathrm{\;s} $为单位，保留3位有效数字)","1.79"
"37","0","在伦琴射线空气达到稳态的条件下，每立方厘米内存在 \( 10^8\) 对正负离子。已知每个正离子和负离子的电荷量均为 \( 1.6 \times 10^{-19} \) 库仑，正离子的平均漂移速度为1.27厘米/秒，负离子的平均漂移速度为1.84厘米/秒。求此时空气中通过每平方米面积的电流大小。 (结果使用科学计数法，保留2位有效数字)","5.0 \times 10^{-7}"
"37","1","在伦琴射线空气达到稳态的条件下，每立方厘米内存在 \( 10^8\) 对正负离子。已知每个正离子和负离子的电荷量均为 \( 1.7 \times 10^{-19} \) 库仑，正离子的平均漂移速度为1.37厘米/秒，负离子的平均漂移速度为1.74厘米/秒。求此时空气中通过每平方米面积的电流大小。 (结果使用科学计数法，保留3位有效数字)","5.29 \times 10^{-7}"
"37","2","在伦琴射线空气达到稳态的条件下，每立方厘米内存在 \( 10^8\) 对正负离子。已知每个正离子和负离子的电荷量均为 \( 1.8 \times 10^{-19} \) 库仑，正离子的平均漂移速度为1.38厘米/秒，负离子的平均漂移速度为1.75厘米/秒。求此时空气中通过每平方米面积的电流大小。 (结果使用科学计数法，保留3位有效数字)","5.63 \times 10^{-7}"
"37","3","在伦琴射线空气达到稳态的条件下，每立方厘米内存在 \( 10^8\) 对正负离子。已知每个正离子和负离子的电荷量均为 \( 2.0 \times 10^{-19} \) 库仑，正离子的平均漂移速度为1.4厘米/秒，负离子的平均漂移速度为1.8厘米/秒。求此时空气中通过每平方米面积的电流大小。 (结果使用科学计数法，保留2位有效数字)","6.4 \times 10^{-7}"
"26","0","一个环形线圈（螺绕环）的中心周长为 \( l = 10  \mathrm{cm} \)，其上均匀紧密地绕有 \( N = 200 \) 匝导线。当导线中通有 \( I = 100  \mathrm{mA} \) 的电流时，计算线圈内部区域的磁场强度 \( H _0\)。 (结果以$ {\mathrm{\;A}/\mathrm{m}} $为单位，保留3位有效数字)"," 200"
"26","1","一个环形线圈（螺绕环）的中心周长为 \( l = 20\mathrm{cm} \)，其上均匀紧密地绕有 \( N = 200 \) 匝导线。当导线中通有 \( I = 100  \mathrm{mA} \) 的电流时，计算线圈内部区域的磁场强度 \( H _0\)。 (结果以$ {\mathrm{\;A}/\mathrm{m}} $为单位，保留3位有效数字)"," 100"
"26","2","一个环形线圈（螺绕环）的中心周长为 \( l = 10  \mathrm{cm} \)，其上均匀紧密地绕有 \( N = 300 \) 匝导线。当导线中通有 \( I = 100  \mathrm{mA} \) 的电流时，计算线圈内部区域的磁场强度 \( H _0\)。 (结果以$ {\mathrm{\;A}/\mathrm{m}} $为单位，保留3位有效数字)"," 300"
"26","3","一个环形线圈（螺绕环）的中心周长为 \( l = 30  \mathrm{cm} \)，其上均匀紧密地绕有 \( N = 600 \) 匝导线。当导线中通有 \( I = 200  \mathrm{mA} \) 的电流时，计算线圈内部区域的磁场强度 \( H _0\)。 (结果以$ {\mathrm{\;A}/\mathrm{m}} $为单位，保留3位有效数字)"," 400"
"50","0","设地球表面平均气压为 1013 百帕，重力加速度 \( g = 9.8 \) 米/秒\( {}^{2} \)，地表面积为 \( 5.1 \times 10^{16} \) 厘米\( {}^{2} \)。试计算地球大气总质量为多少千克？ (结果使用科学计数法，保留3位有效数字)","5.27 \times 10^{18}"
"50","1","设地球表面平均气压为1020百帕，重力加速度 \( g = 9.8 \) 米/秒\( {}^{2} \)，地表面积为 \( 5.1 \times 10^{16} \) 厘米\( {}^{2} \)。试计算地球大气总质量为多少千克？ (结果使用科学计数法，保留3位有效数字)","5.30 \times 10^{18}"
"50","2","设地球表面平均气压为 1100百帕，重力加速度 \( g = 9.8 \) 米/秒\( {}^{2} \)，地表面积为 \( 5.1 \times 10^{16} \) 厘米\( {}^{2} \)。试计算地球大气总质量为多少千克？ (结果使用科学计数法，保留3位有效数字)","5.72 \times 10^{18}"
"50","3","设地球表面平均气压为1500百帕，重力加速度 \( g = 9.8 \) 米/秒\( {}^{2} \)，地表面积为 \( 5.1 \times 10^{16} \) 厘米\( {}^{2} \)。试计算地球大气总质量为多少千克？ (结果使用科学计数法，保留3位有效数字)","7.80 \times 10^{18}"
"24","0","一个内阻为 \( r = 0.300 \, \Omega \) 的直流电源，其电动势为 \( \mathcal{E} = 6.00 \, \text{V} \)。当外部负载电阻 \( R = 10.0 \, \Omega \) 时，该电源的输出电压是多少？ (结果以$ \mathrm{\;V} $为单位，保留3位有效数字)"," 5.83"
"24","1","一个内阻为 \( r = 0.400 \, \Omega \) 的直流电源，其电动势为 \( \mathcal{E} = 7.00 \, \text{V} \)。当外部负载电阻 \( R = 11.0 \, \Omega \) 时，该电源的输出电压是多少？ (结果以$ \mathrm{\;V} $为单位，保留3位有效数字)","6.75"
"24","2","一个内阻为 \( r = 0.500 \, \Omega \) 的直流电源，其电动势为 \( \mathcal{E} = 8.00 \, \text{V} \)。当外部负载电阻 \( R = 12.0 \, \Omega \) 时，该电源的输出电压是多少？ (结果以$ \mathrm{\;V} $为单位，保留3位有效数字)","7.68"
"24","3","一个内阻为 \( r = 0.800 \, \Omega \) 的直流电源，其电动势为 \( \mathcal{E} = 9.00 \, \text{V} \)。当外部负载电阻 \( R = 13.0 \, \Omega \) 时，该电源的输出电压是多少？ (结果以$ \mathrm{\;V} $为单位，保留3位有效数字)","8.48"
"68","0","一个电子以初速度进入具有线性阻力的介质中，阻力大小与其速度成正比。电子在完全停止前经过的路程长度为 \( l = 10  \mathrm{cm} \)。若介质中存在均匀磁场，方向与电子入射速度垂直，且电子仍以相同初速度进入，则它停止在离入射点 \( l_1 = 6  \mathrm{cm} \) 处。假如磁场的磁感强度减半，电子将停在离入射点多远 \( \left( l_2 \right) \) 处？ (结果以$ \mathrm{\;{cm}} $为单位，保留2位有效数字)"," 8.3"
"68","1","一个电子以初速度进入具有线性阻力的介质中，阻力大小与其速度成正比。电子在完全停止前经过的路程长度为 \( l = 20  \mathrm{cm} \)。若介质中存在均匀磁场，方向与电子入射速度垂直，且电子仍以相同初速度进入，则它停止在离入射点 \( l_1 = 6  \mathrm{cm} \) 处。假如磁场的磁感强度减半，电子将停在离入射点多远 \( \left( l_2 \right) \) 处？ (结果以$ \mathrm{\;{cm}} $为单位，保留4位有效数字)"," 10.65"
"68","2","一个电子以初速度进入具有线性阻力的介质中，阻力大小与其速度成正比。电子在完全停止前经过的路程长度为 \( l = 30  \mathrm{cm} \)。若介质中存在均匀磁场，方向与电子入射速度垂直，且电子仍以相同初速度进入，则它停止在离入射点 \( l_1 = 6  \mathrm{cm} \) 处。假如磁场的磁感强度减半，电子将停在离入射点多远 \( \left( l_2 \right) \) 处？ (结果以$ \mathrm{\;{cm}} $为单位，保留4位有效数字)"," 11.34"
"68","3","一个电子以初速度进入具有线性阻力的介质中，阻力大小与其速度成正比。电子在完全停止前经过的路程长度为 \( l = 10  \mathrm{cm} \)。若介质中存在均匀磁场，方向与电子入射速度垂直，且电子仍以相同初速度进入，则它停止在离入射点 \( l_1 = 3  \mathrm{cm} \) 处。假如磁场的磁感强度减半，电子将停在离入射点多远 \( \left( l_2 \right) \) 处？ (结果以$ \mathrm{\;{cm}} $为单位，保留3位有效数字)"," 5.32"
"84","0","一个质量为 \( 2\,\mathrm{kg} \) 的物体在无摩擦环境下沿直线运动（设为 \( x \) 轴）。初始时刻 \( t = 0 \) 时，物体静止于原点（位置 \( x_0 = 0 \)，速度 \( v_0 = 0 \)）。作用在物体上的力随时间变化，表达式为 \( F(t) = 4t + 3\,\mathrm{N} \)，其中 \( t \) 的单位为秒。求当 \( t = 3\,\mathrm{s} \) 时，物体的速度是多少？ (结果以$ {\mathrm{\;m}/\mathrm{s}} $为单位，保留3位有效数字)","13.5"
"84","1","一个质量为 \( 2\,\mathrm{kg} \) 的物体在无摩擦环境下沿直线运动（设为 \( x \) 轴）。初始时刻 \( t = 0 \) 时，物体静止于原点（位置 \( x_0 = 0 \)，速度 \( v_0 = 0 \)）。作用在物体上的力随时间变化，表达式为 \( F(t) = 4t + 3\,\mathrm{N} \)，其中 \( t \) 的单位为秒。求当 \( t = 4\,\mathrm{s} \) 时，物体的速度是多少？ (结果以$ \mathrm{m/s}} $为单位，保留2位有效数字)","22"
"84","2","一个质量为 \( 2\,\mathrm{kg} \) 的物体在无摩擦环境下沿直线运动（设为 \( x \) 轴）。初始时刻 \( t = 0 \) 时，物体静止于原点（位置 \( x_0 = 0 \)，速度 \( v_0 = 0 \)）。作用在物体上的力随时间变化，表达式为 \( F(t) = 4t + 3\,\mathrm{N} \)，其中 \( t \) 的单位为秒。求当 \( t = 5\,\mathrm{s} \) 时，物体的速度是多少？ (结果以$ \mathrm{m/s}} $为单位，保留3位有效数字)","32.5"
"84","3","一个质量为 \( 2\,\mathrm{kg} \) 的物体在无摩擦环境下沿直线运动（设为 \( x \) 轴）。初始时刻 \( t = 0 \) 时，物体静止于原点（位置 \( x_0 = 0 \)，速度 \( v_0 = 0 \)）。作用在物体上的力随时间变化，表达式为 \( F(t) = 4t + 3\,\mathrm{N} \)，其中 \( t \) 的单位为秒。求当 \( t = 6\,\mathrm{s} \) 时，物体的速度是多少？ (结果以$ \mathrm{m/s}} $为单位，保留2位有效数字)","45"
"51","0","2 摩尔氦气起始温度为 $27^{\circ} \mathrm{C}$，起初体积为 20 L。先在恒定压强下膨胀至体积增大一倍，随后经历绝热膨胀过程恢复到原温度。求系统总内能的变化量是多少？ (结果保留1位有效数字)","0"
"51","1","1摩尔氦气起始温度为 $27^{\circ} \mathrm{C}$，起初体积为 20 L。先在恒定压强下膨胀至体积增大一倍，随后经历绝热膨胀过程恢复到原温度。求系统总内能的变化量是多少？ (结果保留1位有效数字)","0"
"51","2","5摩尔氦气起始温度为 $27^{\circ} \mathrm{C}$，起初体积为 20 L。先在恒定压强下膨胀至体积增大一倍，随后经历绝热膨胀过程恢复到原温度。求系统总内能的变化量是多少？ (结果保留1位有效数字)","0"
"51","3","10摩尔氦气起始温度为 $27^{\circ} \mathrm{C}$，起初体积为 20 L。先在恒定压强下膨胀至体积增大一倍，随后经历绝热膨胀过程恢复到原温度。求系统总内能的变化量是多少？ (结果保留1位有效数字)","0"
"14","0","在等压条件下，质量为 \( 1\,\mathrm{kg} \) 的氧气温度从 \( 300\,\mathrm{K} \) 变化至 \( 400\,\mathrm{K} \)，求其内能的变化量。 (结果使用科学计数法，以$ \mathrm{\;J} $为单位，保留2位有效数字)","6.5 \times 10^{4}"
"14","1","在等压条件下，质量为 \( 1\,\mathrm{kg} \) 的氧气温度从 \( 400\,\mathrm{K} \) 变化至 \( 500\,\mathrm{K} \)，求其内能的变化量。 (结果使用科学计数法，以$ \mathrm{\;J} $为单位，保留2位有效数字)","6.5 \times 10^{4}"
"14","2","在等压条件下，质量为 \( 2\,\mathrm{kg} \) 的氧气温度从 \( 300\,\mathrm{K} \) 变化至 \( 400\,\mathrm{K} \)，求其内能的变化量。 (结果使用科学计数法，以$ \mathrm{\;J} $为单位，保留2位有效数字)","13 \times 10^{4}"
"14","3","在等压条件下，质量为 \( 2\,\mathrm{kg} \) 的氧气温度从 \( 500\,\mathrm{K} \) 变化至 \( 600\,\mathrm{K} \)，求其内能的变化量。 (结果使用科学计数法，以$ \mathrm{\;J} $为单位，保留2位有效数字)","13 \times 10^{4}"
"29","0","使用一台卡诺制冷机，从 \( 7^{\circ} \mathrm{C} \) 的低温热库移除 \( 1000\;\mathrm{J} \) 的热量，并传递到 \( 27^{\circ} \mathrm{C} \) 的高温热库，需要输入多少功？ (结果以$ \mathrm{\;J} $为单位，保留3位有效数字)"," 71.4"
"29","1","使用一台卡诺制冷机，从 \( 7^{\circ} \mathrm{C} \) 的低温热库移除 \( 2000\;\mathrm{J} \) 的热量，并传递到 \( 27^{\circ} \mathrm{C} \) 的高温热库，需要输入多少功？ (结果以$ \mathrm{\;J} $为单位，保留4位有效数字)"," 142.9"
"29","2","使用一台卡诺制冷机，从 \( 7^{\circ} \mathrm{C} \) 的低温热库移除 \( 3000\;\mathrm{J} \) 的热量，并传递到 \( 27^{\circ} \mathrm{C} \) 的高温热库，需要输入多少功？ (结果以$ \mathrm{\;J} $为单位，保留4位有效数字)"," 214.3"
"29","3","使用一台卡诺制冷机，从 \( 7^{\circ} \mathrm{C} \) 的低温热库移除 \( 4000\;\mathrm{J} \) 的热量，并传递到 \( 27^{\circ} \mathrm{C} \) 的高温热库，需要输入多少功？ (结果以$ \mathrm{\;J} $为单位，保留4位有效数字)"," 285.7"
"19","0","一条宽度为  a = {0.1}\mathrm{\;{mm}}  的狭缝，其后安置一个焦距为  f = {0.5}\mathrm{\;{m}}  的凸透镜。在透镜焦平面处放置一接收屏，采用波长  \lambda  = {546}\mathrm{\;{nm}} 的绿色平行光束垂直入射狭缝。试计算中央亮纹的宽度。 (结果以$ \mathrm{\;{mm}} $为单位，保留2位有效数字)"," 5.5"
"19","1","一条宽度为  \(a = {0.1}\mathrm{\;{mm}}\)  的狭缝，其后安置一个焦距为  \(f = {1}\mathrm{\;{m}}\)  的凸透镜。在透镜焦平面处放置一接收屏，采用波长  \(\lambda  = {546}\mathrm{\;{nm}}\) 的绿色平行光束垂直入射狭缝。试计算中央亮纹的宽度。 (结果以$ \mathrm{\;{mm}} $为单位，保留4位有效数字)"," 10.92"
"19","2","一条宽度为  \(a = {0.1}\mathrm{\;{mm}}\)  的狭缝，其后安置一个焦距为  \(f = {2}\mathrm{\;{m}}\)  的凸透镜。在透镜焦平面处放置一接收屏，采用波长  \(\lambda  = {546}\mathrm{\;{nm}}\) 的绿色平行光束垂直入射狭缝。试计算中央亮纹的宽度。 (结果以$ \mathrm{\;{mm}} $为单位，保留4位有效数字)"," 21.84"
"19","3","一条宽度为  \(a = {0.1}\mathrm{\;{mm}}\)  的狭缝，其后安置一个焦距为  \(f = {3}\mathrm{\;{m}}\)  的凸透镜。在透镜焦平面处放置一接收屏，采用波长  \(\lambda  = {546}\mathrm{\;{nm}}\) 的绿色平行光束垂直入射狭缝。试计算中央亮纹的宽度。 (结果以$ \mathrm{\;{mm}} $为单位，保留4位有效数字)"," 32.76"
"53","0","两个相同的密闭舱室通过一根绝热微管连通，初始压强 \( P_0 = 1 \) atm、相对湿度 50%、温度 100°C。已知 0°C 时水的饱和蒸气压为 4.6 mmHg。现将其中一个舱室置于 0°C 的冰浴中，求系统稳定后的总压强。 (结果以$ \mathrm{{mmHg}} $为单位，保留4位有效数字)","325.6"
"53","1","两个相同的密闭舱室通过一根绝热微管连通，初始压强 \( P_0 = 1 \) atm、相对湿度 50%、温度 100°C。已知 0°C 时水的饱和蒸气压为 4.6 mmHg。现将其中一个舱室置于 10°C 的冰浴中，求系统稳定后的总压强。 (结果保留5位有效数字)","389.21 "
"53","2","两个相同的密闭舱室通过一根绝热微管连通，初始压强 \( P_0 = 1 \) atm、相对湿度 50%、温度 100°C。已知 0°C 时水的饱和蒸气压为 4.6 mmHg。现将其中一个舱室置于 20°C 的冰浴中，求系统稳定后的总压强。 (结果保留5位有效数字)","397.54 "
"53","3","两个相同的密闭舱室通过一根绝热微管连通，初始压强 \( P_0 = 1 \) atm、相对湿度 50%、温度 100°C。已知 0°C 时水的饱和蒸气压为 4.6 mmHg。现将其中一个舱室置于5°C 的冰浴中，求系统稳定后的总压强。 (结果保留4位有效数字)","388.6 "
"36","0","在半导体器件制造中，n型硅衬底通常通过掺锑实现高杂质浓度。已知锑的电离能为 \( 0.039 \, \mathrm{eV} \)，在 \( 300 \, \mathrm{K} \) 时费米能级 \( E_F \) 位于导带底部以下 \( 0.026 \, \mathrm{eV} \) 处，计算锑的掺杂浓度。 (结果使用科学计数法，以$ {\mathrm{{cm}}}^{3} $为单位，保留3位有效数字)","4.07 \times 10^{19}"
"36","1","在半导体器件制造中，n型硅衬底通常通过掺锑实现高杂质浓度。已知锑的电离能为 \( 0.039 \, \mathrm{eV} \)，在 \( 300 \, \mathrm{K} \) 时费米能级 \( E_F \) 位于导带底部以下 \( 0.027 \, \mathrm{eV} \) 处，计算锑的掺杂浓度。 (结果使用科学计数法，以$ {\mathrm{{cm}}}^{3} $为单位，保留2位有效数字)","4.6 \times 10^{19}"
"36","2","在半导体器件制造中，n型硅衬底通常通过掺锑实现高杂质浓度。已知锑的电离能为 \( 0.039 \, \mathrm{eV} \)，在 \( 300 \, \mathrm{K} \) 时费米能级 \( E_F \) 位于导带底部以下 \( 0.028 \, \mathrm{eV} \) 处，计算锑的掺杂浓度。 (结果使用科学计数法，以$ {\mathrm{{cm}}}^{3} $为单位，保留2位有效数字)","2.4 \times 10^{19}"
"36","3","在半导体器件制造中，n型硅衬底通常通过掺锑实现高杂质浓度。已知锑的电离能为 \( 0.039 \, \mathrm{eV} \)，在 \( 300 \, \mathrm{K} \) 时费米能级 \( E_F \) 位于导带底部以下 \( 0.029 \, \mathrm{eV} \) 处，计算锑的掺杂浓度。 (结果使用科学计数法，以$ {\mathrm{{cm}}}^{3} $为单位，保留2位有效数字)","2.3 \times 10^{19}"
"78","0","假设地球被建模为一个密度均匀的理想球体，忽略空气阻力及自转效应。沿通过地心的直线挖掘一条隧道。已知地球半径为 \( R = 6.4 \times 10^{6} \) m。若一小物体从隧道入口处由静止自由释放，求其抵达隧道另一出口所需时间？ (结果以$ \mathrm{\;{min}} $为单位，保留3位有效数字)"," 42.3"
"78","1","假设某行星被建模为一个密度均匀的理想球体，忽略空气阻力及自转效应。沿通过球心的直线挖掘一条隧道。已知该行星半径为 \( R = 4.9 \times 10^{6} \) m，且拥有和地球一样的重力加速度。若一小物体从隧道入口处由静止自由释放，求其抵达隧道另一出口所需时间？ (结果以$ \mathrm{\;{min}} $为单位，保留2位有效数字)"," 37"
"78","2","假设某行星被建模为一个密度均匀的理想球体，忽略空气阻力及自转效应。沿通过球心的直线挖掘一条隧道。已知该行星半径为 \( R = 8.1 \times 10^{6} \) m，且拥有和地球一样的重力加速度。若一小物体从隧道入口处由静止自由释放，求其抵达隧道另一出口所需时间？ (结果以$ \mathrm{\;{min}} $为单位，保留3位有效数字)"," 47.8"
"78","3","假设某行星被建模为一个密度均匀的理想球体，忽略空气阻力及自转效应。沿通过球心的直线挖掘一条隧道。已知该行星半径为 \( R = 6.4 \times 10^{6} \) m，且中重力加速度是地球的一半。若一小物体从隧道入口处由静止自由释放，求其抵达隧道另一出口所需时间？ (结果以$ \mathrm{\;{min}} $为单位，保留3位有效数字)"," 52.3"
"99","0","一个质量为 \(0.1\,\mathrm{g}\) 的点电荷物体，带有 \(4 \times 10^{-4}\,\mathrm{C}\) 的电量，被安装在一根竖直的绝缘长棒上。该棒置于方向平行且均为水平的匀强电场和匀强磁场中，电场强度 \(E = 10\,\mathrm{N \cdot C^{-1}}\)，磁感应强度 \(B = 0.5\,\mathrm{T}\)。若物体与棒之间的滑动摩擦系数为 \(0.2\)，求物体沿棒下落的最大速率。 (结果以$ \mathrm{\;m}/\mathrm{s}  $为单位，保留2位有效数字)"," 15"
"99","1","一个质量为 \(0.2\,\mathrm{g}\) 的点电荷物体，带有 \(4 \times 10^{-4}\,\mathrm{C}\) 的电量，被安装在一根竖直的绝缘长棒上。该棒置于方向平行且均为水平的匀强电场和匀强磁场中，电场强度 \(E = 10\,\mathrm{N \cdot C^{-1}}\)，磁感应强度 \(B = 0.5\,\mathrm{T}\)。若物体与棒之间的滑动摩擦系数为 \(0.2\)，求物体沿棒下落的最大速率。 (结果以$ \mathrm{\;m}/\mathrm{s}  $为单位，保留2位有效数字)"," 30"
"99","2","一个质量为 \(0.3\,\mathrm{g}\) 的点电荷物体，带有 \(4 \times 10^{-4}\,\mathrm{C}\) 的电量，被安装在一根竖直的绝缘长棒上。该棒置于方向平行且均为水平的匀强电场和匀强磁场中，电场强度 \(E = 10\,\mathrm{N \cdot C^{-1}}\)，磁感应强度 \(B = 0.5\,\mathrm{T}\)。若物体与棒之间的滑动摩擦系数为 \(0.2\)，求物体沿棒下落的最大速率。 (结果以$ \mathrm{\;m}/\mathrm{s}  $为单位，保留2位有效数字)"," 45"
"99","3","一个质量为 \(0.4\,\mathrm{g}\) 的点电荷物体，带有 \(4 \times 10^{-4}\,\mathrm{C}\) 的电量，被安装在一根竖直的绝缘长棒上。该棒置于方向平行且均为水平的匀强电场和匀强磁场中，电场强度 \(E = 10\,\mathrm{N \cdot C^{-1}}\)，磁感应强度 \(B = 0.5\,\mathrm{T}\)。若物体与棒之间的滑动摩擦系数为 \(0.2\)，求物体沿棒下落的最大速率。 (结果以$ \mathrm{\;m}/\mathrm{s}  $为单位，保留2位有效数字)"," 60"
"91","0","一个线偏振平面波由自由空间斜入射到介质表面，该介质的相对介电常数为 \(\varepsilon_r = 3\)，相对磁导率为 \(\mu_r = 1\)。已知入射波电场矢量与入射平面成 \(45^\circ\) 角。问入射角取何值时，反射波中仅存在垂直极化分量？ (结果以$ { \circ $为单位，保留2位有效数字)"," 60"
"91","1","一个线偏振平面波由自由空间斜入射到介质表面，该介质的相对介电常数为 \(\varepsilon_r = 5\)，相对磁导率为 \(\mu_r = 1\)。已知入射波电场矢量与入射平面成 \(45^\circ\) 角。问入射角取何值时，反射波中仅存在垂直极化分量？ (结果以$ { \circ $为单位，保留4位有效数字)"," 65.91"
"91","2","一个线偏振平面波由自由空间斜入射到介质表面，该介质的相对介电常数为 \(\varepsilon_r = 6\)，相对磁导率为 \(\mu_r = 3\)。已知入射波电场矢量与入射平面成 \(45^\circ\) 角。问入射角取何值时，反射波中仅存在垂直极化分量？ (结果以$ { \circ $为单位，保留4位有效数字)"," 54.74"
"91","3","一个线偏振平面波由自由空间斜入射到介质表面，该介质的相对介电常数为 \(\varepsilon_r = 7\)，相对磁导率为 \(\mu_r = 4\)。已知入射波电场矢量与入射平面成 \(45^\circ\) 角。问入射角取何值时，反射波中仅存在垂直极化分量？ (结果以$ { \circ $为单位，保留4位有效数字)"," 52.97"
"43","0","一个 \( \mu^{-} \) 子被原子核捕获构成 \( \mu \) 原子，原子核视为静止。已知 \( \mu^{-} \) 子质量为电子质量的 207 倍，电荷量与电子相同。试求：该 \( \mu^{-} \) 的第一玻尔轨道半径。给定原子核质量数为 \( A \)，中子数 \( N \) 等于质子数 \( Z \)，氢原子第一玻尔半径 \( a_{0} = 0.529 \times 10^{-10} \) 米。 (结果使用科学计数法，保留3位有效数字)","5.11 \times 10^{-13}"
"43","1","一个 \( \mu^{-} \) 子被原子核捕获构成 \( \mu \) 原子，原子核视为静止。已知 \( \mu^{-} \) 子质量为电子质量的1 倍，电荷量与电子相同。试求：该 \( \mu^{-} \) 的第一玻尔轨道半径。给定原子核质量数为 \( A \)，中子数 \( N \) 等于质子数 \( Z \)，氢原子第一玻尔半径 \( a_{0} = 0.529 \times 10^{-10} \) 米。 (结果使用科学计数法，保留2位有效数字)","1.1 \times 10^{-13}"
"43","2","一个 \( \mu^{-} \) 子被原子核捕获构成 \( \mu \) 原子，原子核视为静止。已知 \( \mu^{-} \) 子质量为电子质量的 2 倍，电荷量与电子相同。试求：该 \( \mu^{-} \) 的第一玻尔轨道半径。给定原子核质量数为 \( A \)，中子数 \( N \) 等于质子数 \( Z \)，氢原子第一玻尔半径 \( a_{0} = 0.529 \times 10^{-10} \) 米。 (结果使用科学计数法，保留3位有效数字)","0.529 \times 10^{-13}"
"43","3","一个 \( \mu^{-} \) 子被原子核捕获构成 \( \mu \) 原子，原子核视为静止。已知 \( \mu^{-} \) 子质量为电子质量的 4 倍，电荷量与电子相同。试求：该 \( \mu^{-} \) 的第一玻尔轨道半径。给定原子核质量数为 \( A \)，中子数 \( N \) 等于质子数 \( Z \)，氢原子第一玻尔半径 \( a_{0} = 0.529 \times 10^{-10} \) 米。 (结果使用科学计数法，保留4位有效数字)","0.2645 \times 10^{-13}"
"47","0","一个空心螺线管长度为 50 cm，截面积为 \( 1 \mathrm{cm}^{2} \)，总匝数为 1000。忽略边缘效应。当 1 A 的稳恒电流通过该螺线管线圈时，其两端连接着 \( 1000 \Omega \) 的负载。若此稳恒电流瞬间中断，求流过负载电阻的总电荷量。 (结果使用科学计数法，以$ \mathrm{C} $为单位，保留4位有效数字)","2.513 \times 10^{-8}"
"47","1","一个空心螺线管长度为 50 cm，截面积为 \( 1 \mathrm{cm}^{2} \)，总匝数为 1000。忽略边缘效应。当 2 A 的稳恒电流通过该螺线管线圈时，其两端连接着 \( 1000 \Omega \) 的负载。若此稳恒电流瞬间中断，求流过负载电阻的总电荷量。 (结果使用科学计数法，以$ \mathrm{C} $为单位，保留4位有效数字)","5.026 \times 10^{-8}"
"47","2","一个空心螺线管长度为 50 cm，截面积为 \( 1 \mathrm{cm}^{2} \)，总匝数为 1000。忽略边缘效应。当 3 A 的稳恒电流通过该螺线管线圈时，其两端连接着 \( 1000 \Omega \) 的负载。若此稳恒电流瞬间中断，求流过负载电阻的总电荷量。 (结果使用科学计数法，以$ \mathrm{C} $为单位，保留4位有效数字)","7.539 \times 10^{-8}"
"47","3","一个空心螺线管长度为 50 cm，截面积为 \( 1 \mathrm{cm}^{2} \)，总匝数为 1000。忽略边缘效应。当 4A 的稳恒电流通过该螺线管线圈时，其两端连接着 \( 1000 \Omega \) 的负载。若此稳恒电流瞬间中断，求流过负载电阻的总电荷量。 (结果使用科学计数法，以$ \mathrm{C} $为单位，保留5位有效数字)","10.052 \times 10^{-8}"
"3","0","一个质量为 \( 1.5\,\mathrm{kg} \) 的质点以 \( 60\,\mathrm{m/s} \) 的初速度垂直向上抛出。质点所受空气阻力大小与其速率成正比，比例系数 \( k = 0.03\,\mathrm{N \cdot s / m} \)，即阻力可表示为 \( F_{\text{阻}} = kv \)。求质点上升到最大高度所需的时间。 (结果以$ \mathrm{\;s} $为单位，保留2位有效数字)"," 5.8"
"3","1","一个质量为 \( 3\,\mathrm{kg} \) 的质点以 \( 60\,\mathrm{m/s} \) 的初速度垂直向上抛出。质点所受空气阻力大小与其速率成正比，比例系数 \( k = 0.06\,\mathrm{N \cdot s / m} \)，即阻力可表示为 \( F_{\text{阻}} = kv \)。求质点上升到最大高度所需的时间。 (结果以$ \mathrm{\;s} $为单位，保留2位有效数字)"," 5.8"
"3","2","一个质量为 \( 750\,\mathrm{g} \) 的质点以 \( 60\,\mathrm{m/s} \) 的初速度垂直向上抛出。质点所受空气阻力大小与其速率成正比，比例系数 \( k = 0.015\,\mathrm{N \cdot s / m} \)，即阻力可表示为 \( F_{\text{阻}} = kv \)。求质点上升到最大高度所需的时间。 (结果以$ \mathrm{\;s} $为单位，保留2位有效数字)"," 5.8"
"3","3","一个质量为 \( 3.0\,\mathrm{kg} \) 的质点以 \( 60\,\mathrm{m/s} \) 的初速度垂直向上抛出。质点所受空气阻力大小与其速率成正比，比例系数 \( k = 0.03\,\mathrm{N \cdot s / m} \)，即阻力可表示为 \( F_{\text{阻}} = kv \)。求质点上升到最大高度所需的时间。 (结果以$ \mathrm{\;s} $为单位，保留3位有效数字)"," 2.97"
"4","0","一根长度为 \(2\,\text{m}\)、横截面积为 \(10^{-4}\,\text{m}^{2}\) 的管道中充满标准状态下的二氧化碳气体。其中50%的二氧化碳分子含有放射性同位素碳-14。在初始时刻，放射性分子的数密度从管道左端到右端呈线性减少，左端为最大值，右端为零。已知二氧化碳分子的有效碰撞直径为 \(d = 3.67 \times 10^{-10}\,\text{m}\)。在 \(t = 0\) 时，每秒有多少个放射性分子从右向左穿过管道中点处的横截面？ (结果使用科学计数法，以$ {\mathrm{\;s}}^{-1} $为单位，保留3位有效数字)","7.94 \times 10^{22}"
"4","1","一根长度为 \(2\,\text{m}\)、横截面积为 \(10^{-6}\,\text{m}^{2}\) 的管道中充满标准状态下的二氧化碳气体。其中50%的二氧化碳分子含有放射性同位素碳-14。在初始时刻，放射性分子的数密度从管道左端到右端呈线性减少，左端为最大值，右端为零。已知二氧化碳分子的有效碰撞直径为 \(d = 3.67 \times 10^{-10}\,\text{m}\)。在 \(t = 0\) 时，每秒有多少个放射性分子从右向左穿过管道中点处的横截面？ (结果使用科学计数法，以$ {\mathrm{\;s}}^{-1} $为单位，保留3位有效数字)","8.81 \times 10^{20}"
"4","2","一根长度为 \(4\,\text{m}\)、横截面积为 \(10^{-4}\,\text{m}^{2}\) 的管道中充满标准状态下的二氧化碳气体。其中50%的二氧化碳分子含有放射性同位素碳-14。在初始时刻，放射性分子的数密度从管道左端到右端呈线性减少，左端为最大值，右端为零。已知二氧化碳分子的有效碰撞直径为 \(d = 3.67 \times 10^{-10}\,\text{m}\)。在 \(t = 0\) 时，每秒有多少个放射性分子从右向左穿过管道中点处的横截面？ (结果使用科学计数法，以$ {\mathrm{\;s}}^{-1} $为单位，保留3位有效数字)","8.81 \times 10^{22}"
"4","3","一根长度为 \(3\,\text{m}\)、横截面积为 \(10^{-7}\,\text{m}^{2}\) 的管道中充满标准状态下的二氧化碳气体。其中50%的二氧化碳分子含有放射性同位素碳-14。在初始时刻，放射性分子的数密度从管道左端到右端呈线性减少，左端为最大值，右端为零。已知二氧化碳分子的有效碰撞直径为 \(d = 3.67 \times 10^{-10}\,\text{m}\)。在 \(t = 0\) 时，每秒有多少个放射性分子从右向左穿过管道中点处的横截面？ (结果使用科学计数法，以$ {\mathrm{\;s}}^{-1} $为单位，保留3位有效数字)","8.81 \times 10^{19}"
"81","0","空间探测器以 \( v = {0.8c} \) 的速率远离地球。当在地球参考系中测得距地球 \( {6.66} \times {10}^{8}\mathrm{\;{km}} \) 时，一束光信号由地球上的观察者向探测器发出。在地球参考系中计算探测器收到信号时的位置。 (结果使用科学计数法，以$ \mathrm{\;m} $为单位，保留3位有效数字)","3.33 \times 10^{12}"
"81","1","空间探测器以 \( v = {0.9c} \) 的速率远离地球。当在地球参考系中测得距地球 \( {6.66} \times {10}^{8}\mathrm{\;{km}} \) 时，一束光信号由地球上的观察者向探测器发出。在地球参考系中计算探测器收到信号时的位置。 (结果使用科学计数法，以$ \mathrm{\;m} $为单位，保留3位有效数字)","6.66 \times 10^{12}"
"81","2","空间探测器以 \( v = {0.6c} \) 的速率远离地球。当在地球参考系中测得距地球 \( {6.66} \times {10}^{8}\mathrm{\;{km}} \) 时，一束光信号由地球上的观察者向探测器发出。在地球参考系中计算探测器收到信号时的位置。 (结果使用科学计数法，以$ \mathrm{\;m} $为单位，保留4位有效数字)","1.665 \times 10^{12}"
"81","3","空间探测器以 \( v = {0.7c} \) 的速率远离地球。当在地球参考系中测得距地球 \( {6.66} \times {10}^{8}\mathrm{\;{km}} \) 时，一束光信号由地球上的观察者向探测器发出。在地球参考系中计算探测器收到信号时的位置。 (结果使用科学计数法，以$ \mathrm{\;m} $为单位，保留3位有效数字)","2.22 \times 10^{12}"
"33","0","某种材料对特定波长的 X 射线具有 \( 0.04 \, \mathrm{cm}^{2} \cdot \mathrm{g}^{-1} \) 的质量衰减系数，该材料的密度为 \( 2 \, \mathrm{g} \cdot \mathrm{cm}^{-3} \)。一束该 X 射线垂直入射并通过厚度为 \( 1 \, \mathrm{cm} \) 的该材料层后，其透射强度占原入射强度的百分数是多少？ (结果保留3位有效数字)"," 92.3"
"33","1","某种材料对特定波长的 X 射线具有 \( 0.08 \, \mathrm{cm}^{2} \cdot \mathrm{g}^{-1} \) 的质量衰减系数，该材料的密度为 \( 2 \, \mathrm{g} \cdot \mathrm{cm}^{-3} \)。一束该 X 射线垂直入射并通过厚度为 \( 1 \, \mathrm{cm} \) 的该材料层后，其透射强度占原入射强度的百分数是多少？ (结果保留3位有效数字)"," 85.2"
"33","2","某种材料对特定波长的 X 射线具有 \( 0.02 \, \mathrm{cm}^{2} \cdot \mathrm{g}^{-1} \) 的质量衰减系数，该材料的密度为 \(4 \, \mathrm{g} \cdot \mathrm{cm}^{-3} \)。一束该 X 射线垂直入射并通过厚度为 \( 1 \, \mathrm{cm} \) 的该材料层后，其透射强度占原入射强度的百分数是多少？ (结果保留3位有效数字)"," 92.3"
"33","3","某种材料对特定波长的 X 射线具有 \( 0.01 \, \mathrm{cm}^{2} \cdot \mathrm{g}^{-1} \) 的质量衰减系数，该材料的密度为 \( 8 \, \mathrm{g} \cdot \mathrm{cm}^{-3} \)。一束该 X 射线垂直入射并通过厚度为 \( 1 \, \mathrm{cm} \) 的该材料层后，其透射强度占原入射强度的百分数是多少？ (结果保留3位有效数字)"," 92.3"
"61","0","一个环形线圈的平均周长为 \( 0.5 \, \mathrm{m} \)，总匝数为 800。当导线中通过 \( 1 \, \mathrm{A} \) 电流时，实验测得环内磁感应强度 \( B = 0.5 \, \mathrm{T} \)。设磁场均匀，求环内磁场强度 \( H \)。 (结果以$ {\mathrm{\;A}/\mathrm{m}} $为单位，保留4位有效数字)"," 1600"
"61","1","一个环形线圈的平均周长为 \( 0.5 \, \mathrm{m} \)，总匝数为 900。当导线中通过 \( 1 \, \mathrm{A} \) 电流时，实验测得环内磁感应强度 \( B = 0.5 \, \mathrm{T} \)。设磁场均匀，求环内磁场强度 \( H \)。 (结果以$ {\mathrm{\;A}/\mathrm{m}} $为单位，保留4位有效数字)","1800"
"61","2","一个环形线圈的平均周长为 \( 0.5 \, \mathrm{m} \)，总匝数为 800。当导线中通过 \( 2 \, \mathrm{A} \) 电流时，实验测得环内磁感应强度 \( B = 0.5 \, \mathrm{T} \)。设磁场均匀，求环内磁场强度 \( H \)。 (结果以$ {\mathrm{\;A}/\mathrm{m}} $为单位，保留4位有效数字)","3200"
"61","3","一个环形线圈的平均周长为 \( 0.5 \, \mathrm{m} \)，总匝数为 700。当导线中通过 \( 2 \, \mathrm{A} \) 电流时，实验测得环内磁感应强度 \( B = 0.5 \, \mathrm{T} \)。设磁场均匀，求环内磁场强度 \( H \)。 (结果以$ {\mathrm{\;A}/\mathrm{m}} $为单位，保留4位有效数字)","2800"
"76","0","体积为 \( 1.0 \times 10^{-2} \, \text{m}^3 \) 的密闭容器中，装有质量为 100 g 的理想气体。若气体分子的方均根速率为 200 m/s，求气体的压强。 (结果使用科学计数法，以$ \mathrm{\;{Pa}} $为单位，保留3位有效数字)","1.33 \times 10^{5}"
"76","1","体积为 \( 2.0 \times 10^{-2} \, \text{m}^3 \) 的密闭容器中，装有质量为 100 g 的理想气体。若气体分子的方均根速率为 200 m/s，求气体的压强。 (结果使用科学计数法，以$ \mathrm{\;{Pa}} $为单位，保留3位有效数字)","6.67 \times 10^{4}"
"76","2","体积为 \( 0.5/ \times 10^{-2} \, \text{m}^3 \) 的密闭容器中，装有质量为 100 g 的理想气体。若气体分子的方均根速率为 200 m/s，求气体的压强。 (结果使用科学计数法，以$ \mathrm{\;{Pa}} $为单位，保留3位有效数字)","2.67 \times 10^{5}"
"76","3","体积为 \( 1.0 \times 10^{-2} \, \text{m}^3 \) 的密闭容器中，装有质量为200 g 的理想气体。若气体分子的方均根速率为 200 m/s，求气体的压强。 (结果使用科学计数法，以$ \mathrm{\;{Pa}} $为单位，保留3位有效数字)","2.67 \times 10^{5}"
"67","0","氢原子的基态轨道半径为 \( 0.0529  \mathrm{nm} \)（即玻尔半径）。若电子被一个电荷相同但质量为电子 207 倍的 μ 介子取代。求此新系统的基态半径。假设质子质量比\(\mu\)子、电子的质量都大得多. (结果以$ \mathrm{{pm}} $为单位，保留3位有效数字)"," 0.256"
"67","1","氢原子的基态轨道半径为 \( 0.0529  \mathrm{nm} \)（即玻尔半径）。若电子被一个电荷相同但质量为电子 3600 倍的 \(\tau\) 子取代。假设质子不动，不考虑自旋的情况下，求此新系统的基态半径。 (结果以$ \mathrm{{pm}} $为单位，保留3位有效数字)"," 0.0147"
"67","2","氢原子的基态轨道半径为 \( 0.0529  \mathrm{nm} \)（即玻尔半径）。若电子被一个电荷相同但质量为电子 273 倍的 \(\pi\) 介子取代。假设质子不动，不考虑自旋的情况下，求此新系统的基态半径。 (结果以$ \mathrm{{pm}} $为单位，保留3位有效数字)"," 0.194"
"67","3","氢原子的基态轨道半径为 \( 0.0529  \mathrm{nm} \)（即玻尔半径）。若电子被一个电荷相同但质量为电子 967 倍的 \(\K\) 介子取代。假设质子不动，不考虑自旋的情况下，求此新系统的基态半径。 (结果以$ \mathrm{{pm}} $为单位，保留3位有效数字)"," 0.0547"
"9","0","在康普顿效应实验中，单色 X 射线以 90 度散射角被散射后，散射 X 射线的波长为 0.01243 纳米，计算入射 X 射线的波长。 (结果以$ \mathrm{\;{nm}} $为单位，保留3位有效数字)"," 0.0100"
"9","1","在康普顿效应实验中，单色 X 射线以 90 度散射角被散射后，散射 X 射线的波长为 0.01 纳米，计算入射 X 射线的波长。 (结果以$ \mathrm{\;{nm}} $为单位，保留3位有效数字)"," 0.00757"
"9","2","在康普顿效应实验中，单色 X 射线以 90 度散射角被散射后，散射 X 射线的波长为 0.02243 纳米，计算入射 X 射线的波长。 (结果以$ \mathrm{\;{nm}} $为单位，保留3位有效数字)","  0.0200"
"9","3","在康普顿效应实验中，单色 X 射线以 90 度散射角被散射后，散射 X 射线的波长为 0.33243 纳米，计算入射 X 射线的波长。 (结果以$ \mathrm{\;{nm}} $为单位，保留4位有效数字)","  0.3300"
"48","0","在一大型汞槽中垂直放置一根玻璃管，玻璃管上端封闭、下端开口。已知槽内汞液面以上玻璃管的长度 \( l = {76}\mathrm{\;{cm}} \)，管内密封有 \( n = {1.0} \times  {10}^{-3}\mathrm{\;{mol}} \) 的空气。保持汞槽和玻璃管静止，缓慢降低玻璃管内空气的温度 \( {10}^{ \circ  }\mathrm{C} \)。求此过程中管内空气释放的热量。已知外部大气压强为76 cmHg，每摩尔空气的内能 \( U = c_V T \)，其中 \( T \) 为绝对温度，常量 \( c_V = 20.5\mathrm{\;J \cdot mol^{-1} \cdot K^{-1}} \)，普适气体常量 \( R = 8.31\mathrm{\;J \cdot mol^{-1} \cdot K^{-1}} \)。 (结果以$ \mathrm{\;J}  $为单位，保留5位有效数字)","- 240.66"
"48","1","在一大型汞槽中垂直放置一根玻璃管，玻璃管上端封闭、下端开口。已知槽内汞液面以上玻璃管的长度 \( l = {760}\mathrm{\;{cm}} \)，管内密封有 \( n = {1.0} \times  {10}^{-3}\mathrm{\;{mol}} \) 的空气。保持汞槽和玻璃管静止，缓慢降低玻璃管内空气的温度 \( {10}^{ \circ  }\mathrm{C} \)。求此过程中管内空气释放的热量。已知外部大气压强为76 cmHg，每摩尔空气的内能 \( U = c_V T \)，其中 \( T \) 为绝对温度，常量 \( c_V = 20.5\mathrm{\;J \cdot mol^{-1} \cdot K^{-1}} \)，普适气体常量 \( R = 8.31\mathrm{\;J \cdot mol^{-1} \cdot K^{-1}} \)。 (结果以$ \mathrm{J} $为单位，保留3位有效数字)","-0.205"
"48","2","在一大型汞槽中垂直放置一根玻璃管，玻璃管上端封闭、下端开口。已知槽内汞液面以上玻璃管的长度 \( l = {76}\mathrm{\;{cm}} \)，管内密封有 \( n = {1.0} \times  {10}^{-3}\mathrm{\;{mol}} \) 的空气。保持汞槽和玻璃管静止，缓慢降低玻璃管内空气的温度 \( {20}^{ \circ  }\mathrm{C} \)。求此过程中管内空气释放的热量。已知外部大气压强为76 cmHg，每摩尔空气的内能 \( U = c_V T \)，其中 \( T \) 为绝对温度，常量 \( c_V = 20.5\mathrm{\;J \cdot mol^{-1} \cdot K^{-1}} \)，普适气体常量 \( R = 8.31\mathrm{\;J \cdot mol^{-1} \cdot K^{-1}} \)。 (结果以$ \mathrm{J} $为单位，保留3位有效数字)","-0.243"
"48","3","在一大型汞槽中垂直放置一根玻璃管，玻璃管上端封闭、下端开口。已知槽内汞液面以上玻璃管的长度 \( l = {7.6}\mathrm{\;{cm}} \)，管内密封有 \( n = {1.0} \times  {10}^{-3}\mathrm{\;{mol}} \) 的空气。保持汞槽和玻璃管静止，缓慢降低玻璃管内空气的温度 \( {10}^{ \circ  }\mathrm{C} \)。求此过程中管内空气释放的热量。已知外部大气压强为76 cmHg，每摩尔空气的内能 \( U = c_V T \)，其中 \( T \) 为绝对温度，常量 \( c_V = 20.5\mathrm{\;J \cdot mol^{-1} \cdot K^{-1}} \)，普适气体常量 \( R = 8.31\mathrm{\;J \cdot mol^{-1} \cdot K^{-1}} \)。 (结果以$ \mathrm{J} $为单位，保留3位有效数字)","-0.122"
"17","0","当黑体温度升高时，其单色辐出度峰值对应的波长从 \( 0.69 \, \mu \text{m} \) 移动到 \( 0.50 \, \mu \text{m} \)。总辐射出射度增加了多少倍？ (结果以$ {\mathrm{B}} $为单位，保留3位有效数字)"," 3.63"
"17","1","当黑体温度升高时，其单色辐出度峰值对应的波长从 \( 0.8 \, \mu \text{m} \) 移动到 \( 0.50 \, \mu \text{m} \)。总辐射出射度增加了多少倍？ (结果以$ {\mathrm{B}} $为单位，保留3位有效数字)"," 6.55"
"17","2","当黑体温度升高时，其单色辐出度峰值对应的波长从 \( 0.69 \, \mu \text{m} \) 移动到 \( 0.70 \, \mu \text{m} \)。总辐射出射度增加了多少倍？ (结果以$ {\mathrm{B}} $为单位，保留3位有效数字)"," 0.944"
"17","3","当黑体温度升高时，其单色辐出度峰值对应的波长从 \( 0.53 \, \mu \text{m} \) 移动到 \( 0.75 \, \mu \text{m} \)。总辐射出射度增加了多少倍？ (结果以$ {\mathrm{B}} $为单位，保留3位有效数字)"," 0.249"
"42","0","一根均匀弦上观测到的驻波表达式为 \( y = 0.03 \cos(1.6\pi x) \cos(550\pi t) \)，式中 \( y \) 和 \( x \) 以米为单位，\( t \) 以秒为单位。若此驻波是由两列振幅相等、波速相同且传播方向相反的相干简谐波干涉形成，求这些行波的波速。 (结果以$ \mathrm{\;m}/\mathrm{s}  $为单位，保留4位有效数字)"," 343.8"
"42","1","一根均匀弦上观测到的驻波表达式为 \( y = 0.04 \cos(1.8\pi x) \cos(550\pi t) \)，式中 \( y \) 和 \( x \) 以米为单位，\( t \) 以秒为单位。若此驻波是由两列振幅相等、波速相同且传播方向相反的相干简谐波干涉形成，求这些行波的波速。 (结果以$ \mathrm{\;m}/\mathrm{s}  $为单位，保留4位有效数字)"," 305.5"
"42","2","一根均匀弦上观测到的驻波表达式为 \( y = 0.01 \cos(1.2\pi x) \cos(550\pi t) \)，式中 \( y \) 和 \( x \) 以米为单位，\( t \) 以秒为单位。若此驻波是由两列振幅相等、波速相同且传播方向相反的相干简谐波干涉形成，求这些行波的波速 (结果以$ \mathrm{\;m}/\mathrm{s}  $为单位，保留4位有效数字)"," 459.2"
"42","3","一根均匀弦上观测到的驻波表达式为 \( y = 0.03 \cos(2.0\pi x) \cos(650\pi t) \)，式中 \( y \) 和 \( x \) 以米为单位，\( t \) 以秒为单位。若此驻波是由两列振幅相等、波速相同且传播方向相反的相干简谐波干涉形成，求这些行波的波速 (结果以$ \mathrm{\;m}/\mathrm{s}  $为单位，保留3位有效数字)"," 325"
"93","0","在实验室中，一个用于测量密度的专用小烧瓶（pycnometer）在空瓶状态下的质量为20.00 g。当该烧瓶完全装满水时，总质量为22.00 g；装满苯时，总质量为21.76 g。为确保密度测量的精确性，必须考虑空瓶内部空气的质量，请计算空瓶中空气的质量。 (结果使用科学计数法，以$ \mathrm{\;{kg}}  $为单位，保留3位有效数字)","2.58 \times 10^{-6}"
"93","1","在实验室中，一个用于测量密度的专用小烧瓶（pycnometer）在空瓶状态下的质量为28.00 g。当该烧瓶完全装满水时，总质量为35.00 g；装满苯时，总质量为21.76 g。为确保密度测量的精确性，必须考虑空瓶内部空气的质量，请计算空瓶中空气的质量。 (结果使用科学计数法，以$ \mathrm{\;{kg}}  $为单位，保留3位有效数字)","9.03 \times 10^{-6}"
"93","2","在实验室中，一个用于测量密度的专用小烧瓶（pycnometer）在空瓶状态下的质量为16.00 g。当该烧瓶完全装满水时，总质量为26.00 g；装满苯时，总质量为21.76 g。为确保密度测量的精确性，必须考虑空瓶内部空气的质量，请计算空瓶中空气的质量。 (结果使用科学计数法，以$ \mathrm{\;{kg}}  $为单位，保留3位有效数字)","1.29 \times 10^{-6}"
"93","3","在实验室中，一个用于测量密度的专用小烧瓶（pycnometer）在空瓶状态下的质量为20.00 g。当该烧瓶完全装满水时，总质量为37.00 g；装满苯时，总质量为26 g。为确保密度测量的精确性，必须考虑空瓶内部空气的质量，请计算空瓶中空气的质量。 (结果使用科学计数法，以$ \mathrm{\;{kg}}  $为单位，保留4位有效数字)","2.193 \times 10^{-6}"
"62","0","一个铁磁材料环形磁芯的平均磁路长度为 0.3 米，横截面积为 \( 10^{-4} \) 平方米。磁芯上均匀绕制了 300 匝线圈，当线圈中通有电流 0.032 安培时，磁芯内的磁通量为 \( 2 \times 10^{-6} \) 韦伯。计算该材料的绝对磁导率 \( \mu \)。 (结果保留3位有效数字)"," 497"
"62","1","一个铁磁材料环形磁芯的平均磁路长度为 0.3 米，横截面积为 \( 10^{-4} \) 平方米。磁芯上均匀绕制了 300 匝线圈，当线圈中通有电流 0.32 安培时，磁芯内的磁通量为 \( 2 \times 10^{-6} \) 韦伯。计算该材料的绝对磁导率 \( \mu \)。 (结果保留4位有效数字)"," 4979"
"62","2","一个铁磁材料环形磁芯的平均磁路长度为 0.3 米，横截面积为 \( 10^{-4} \) 平方米。磁芯上均匀绕制了 300 匝线圈，当线圈中通有电流 3.2 安培时，磁芯内的磁通量为 \( 2 \times 10^{-6} \) 韦伯。计算该材料的绝对磁导率 \( \mu \)。 (结果保留5位有效数字)"," 49699"
"62","3","一个铁磁材料环形磁芯的平均磁路长度为 0.3 米，横截面积为 \( 10^{-4} \) 平方米。磁芯上均匀绕制了 300 匝线圈，当线圈中通有电流 32 安培时，磁芯内的磁通量为 \( 2 \times 10^{-6} \) 韦伯。计算该材料的绝对磁导率 \( \mu \)。 (结果保留6位有效数字)"," 496999"
"13","0","观测者 Alice 和 Bob 分别静止于两个惯性参考系 A 和 B 中。Alice 测得在同一点发生的两个事件的时间间隔为 4 s，而 Bob 测得这两个事件的时间间隔为 5 s。求 B 相对于 A 的运动速度。 (结果保留1位有效数字)"," 0.6"
"13","1","观测者 Alice 和 Bob 分别静止于两个惯性参考系 A 和 B 中。Alice 测得在同一点发生的两个事件的时间间隔为 8s，而 Bob 测得这两个事件的时间间隔为 10 s。求 B 相对于 A 的运动速度。 (结果保留1位有效数字)"," 0.6"
"13","2","观测者 Alice 和 Bob 分别静止于两个惯性参考系 A 和 B 中。Alice 测得在同一点发生的两个事件的时间间隔为 2s，而 Bob 测得这两个事件的时间间隔为2.5 s。求 B 相对于 A 的运动速度。 (结果保留1位有效数字)"," 0.6"
"13","3","观测者 Alice 和 Bob 分别静止于两个惯性参考系 A 和 B 中。Alice 测得在同一点发生的两个事件的时间间隔为 4 s，而 Bob 测得这两个事件的时间间隔为 6 s。求 B 相对于 A 的运动速度。 (结果保留3位有效数字)"," 0.745"
"90","0","两个质量均为 \(60kg\) 的运动员，在两条相距 \(10m\) 的直轨道上以 \(6.5m/s\) 的速度反向匀速滑行。当他们之间的距离恰好为 \(10m\) 时，他们同时抓住一根长 \(10m\) 的绳子的两端。若将运动员视为质点，并忽略绳子的质量。计算每个人在拉绳过程中所做的功。 (结果以$ \mathrm{\;J} $为单位，保留5位有效数字)"," 3802.5"
"90","1","两个质量均为 \(70kg\) 的运动员，在两条相距 \(10m\) 的直轨道上以 \(6.5m/s\) 的速度反向匀速滑行。当他们之间的距离恰好为 \(10m\) 时，他们同时抓住一根长 \(10m\) 的绳子的两端。若将运动员视为质点，并忽略绳子的质量。计算每个人在拉绳过程中所做的功。 (结果以$ \mathrm{\;J} $为单位，保留6位有效数字)"," 4436.25"
"90","2","两个质量均为 \(80kg\) 的运动员，在两条相距 \(10m\) 的直轨道上以 \(6.5m/s\) 的速度反向匀速滑行。当他们之间的距离恰好为 \(10m\) 时，他们同时抓住一根长 \(10m\) 的绳子的两端。若将运动员视为质点，并忽略绳子的质量。计算每个人在拉绳过程中所做的功。 (结果以$ \mathrm{\;J} $为单位，保留4位有效数字)"," 5070"
"90","3","两个质量均为 \(90kg\) 的运动员，在两条相距 \(10m\) 的直轨道上以 \(6.5m/s\) 的速度反向匀速滑行。当他们之间的距离恰好为 \(10m\) 时，他们同时抓住一根长 \(10m\) 的绳子的两端。若将运动员视为质点，并忽略绳子的质量。计算每个人在拉绳过程中所做的功。 (结果以$ \mathrm{\;J} $为单位，保留6位有效数字)"," 5703.75"
"73","0","一束单色光波长为 \( 500 \, \text{nm} \) 入射到逸出功为 \( 1.90 \, \text{eV} \) 的金属表面。计算光子的能量。 (结果以$ \mathrm{{eV}}  $为单位，保留3位有效数字)"," 2.49"
"73","1","一束单色光波长为 \( 600 \, \text{nm} \) 入射到逸出功为 \( 1.90 \, \text{eV} \) 的金属表面。计算光子的能量。 (结果保留3位有效数字)","2.07 "
"73","2","一束单色光波长为 \( 700 \, \text{nm} \) 入射到逸出功为 \( 1.90 \, \text{eV} \) 的金属表面。计算光子的能量。 (结果保留3位有效数字)","1.77 "
"73","3","一束单色光波长为 \( 800 \, \text{nm} \) 入射到逸出功为 \( 1.90 \, \text{eV} \) 的金属表面。计算光子的能量。 (结果以$ \mathrm{{eV}}  $为单位，保留3位有效数字)","1.55"
"46","0","在杨氏双缝干涉实验中，使用氦氖激光（波长 $\lambda = 6328 \AA$）正入射到两个狭缝上。两狭缝的间距为 $1.00 \mathrm{mm}$，狭缝至观察屏的垂直距离为 $100 \mathrm{cm}$。整个装置浸没在水中，水的折射率 $n=1.33$。求观察屏上干涉条纹的间距。 (结果以$ \mu \mathrm{~m}
 $为单位，保留4位有效数字)","
476 "
"46","1","在杨氏双缝干涉实验中，使用氦氖激光（波长 $\lambda = 6328 \AA$）正入射到两个狭缝上。两狭缝的间距为 $2.00 \mathrm{mm}$，狭缝至观察屏的垂直距离为 $100 \mathrm{cm}$。整个装置浸没在水中，水的折射率 $n=1.33$。求观察屏上干涉条纹的间距。 (结果以$ \mu \mathrm{~m}
 $为单位，保留4位有效数字)","
951 "
"46","2","在杨氏双缝干涉实验中，使用氦氖激光（波长 $\lambda = 6328 \AA$）正入射到两个狭缝上。两狭缝的间距为 $3.00 \mathrm{mm}$，狭缝至观察屏的垂直距离为 $100 \mathrm{cm}$。整个装置浸没在水中，水的折射率 $n=1.33$。求观察屏上干涉条纹的间距。 (结果以$ \mu \mathrm{~m}
 $为单位，保留5位有效数字)","
1427 "
"46","3","在杨氏双缝干涉实验中，使用氦氖激光（波长 $\lambda = 6328 \AA$）正入射到两个狭缝上。两狭缝的间距为 $4.00 \mathrm{mm}$，狭缝至观察屏的垂直距离为 $100 \mathrm{cm}$。整个装置浸没在水中，水的折射率 $n=1.33$。求观察屏上干涉条纹的间距。 (结果以$ \mu \mathrm{~m}
 $为单位，保留5位有效数字)","
1903"
"25","0","两名花样滑冰者，质量分别为 \( M_{\mathrm{A}} = 60  \text{kg} \) 和 \( M_{\mathrm{B}} = 70  \text{kg} \)，正以速率 \( v_{\mathrm{A}} = 7  \text{m/s} \) 和 \( v_{\mathrm{B}} = 6  \text{m/s} \) 在两条平行轨迹上迎面滑行。初始时它们相隔 1.5 米。当两者达到最近距离时，它们相互抓住并开始以 1.5 米的固定间距围绕质心进行圆周运动。求在抓住对方之前系统的总动能。 (结果使用科学计数法，以$ {\mathrm{{kl}}}   $为单位，保留3位有效数字)","2.73 \times 10^{3}"
"25","1","两名花样滑冰者，质量分别为 \( M_{\mathrm{A}} = 60  \text{kg} \) 和 \( M_{\mathrm{B}} = 70  \text{kg} \)，正以速率 \( v_{\mathrm{A}} = 8  \text{m/s} \) 和 \( v_{\mathrm{B}} = 6  \text{m/s} \) 在两条平行轨迹上迎面滑行。初始时它们相隔 1.5 米。当两者达到最近距离时，它们相互抓住并开始以 1.5 米的固定间距围绕质心进行圆周运动。求在抓住对方之前系统的总动能。 (结果使用科学计数法，以$ \mathrm{\;J} $为单位，保留3位有效数字)","3.18 \times 10^{3}"
"25","2","两名花样滑冰者，质量分别为 \( M_{\mathrm{A}} = 60  \text{kg} \) 和 \( M_{\mathrm{B}} = 70  \text{kg} \)，正以速率 \( v_{\mathrm{A}} = 7  \text{m/s} \) 和 \( v_{\mathrm{B}} = 9  \text{m/s} \) 在两条平行轨迹上迎面滑行。初始时它们相隔 1.5 米。当两者达到最近距离时，它们相互抓住并开始以 1.5 米的固定间距围绕质心进行圆周运动。求在抓住对方之前系统的总动能。 (结果使用科学计数法，以$ \mathrm{\;J} $为单位，保留4位有效数字)","4.305 \times 10^{3}"
"25","3","两名花样滑冰者，质量分别为 \( M_{\mathrm{A}} = 60  \text{kg} \) 和 \( M_{\mathrm{B}} = 70  \text{kg} \)，正以速率 \( v_{\mathrm{A}} = 7  \text{m/s} \) 和 \( v_{\mathrm{B}} = 5  \text{m/s} \) 在两条平行轨迹上迎面滑行。初始时它们相隔 1.5 米。当两者达到最近距离时，它们相互抓住并开始以 1.5 米的固定间距围绕质心进行圆周运动。求在抓住对方之前系统的总动能。 (结果使用科学计数法，以$ \mathrm{\;J} $为单位，保留4位有效数字)","2.345 \times 10^{3}"
"82","0","一个质量为 \( 0.1 \, \mathrm{kg} \) 的质点与轻弹簧相连，在光滑水平面上作简谐振动，其位移表达式为 \( x = 0.1 \cos \left( 8\pi t + \frac{2}{3}\pi \right) \)，其中 \( x \) 以米为单位，\( t \) 以秒为单位。求该振动过程中速度的最大值。 (结果以$ \mathrm{\;m} \cdot  {\mathrm{s}}^{-1} $为单位，保留2位有效数字)"," 2.5"
"82","1","一个质量为 \( 0.2 \, \mathrm{kg} \) 的质点与轻弹簧相连，在光滑水平面上作简谐振动，其位移表达式为 \( x = 0.1 \cos \left( 8\pi t + \frac{2}{3}\pi \right) \)，其中 \( x \) 以米为单位，\( t \) 以秒为单位。求该振动过程中速度的最大值。 (结果以$ \mathrm{\;m} \cdot  {\mathrm{s}}^{-1} $为单位，保留3位有效数字)"," 5.02"
"82","2","一个质量为 \( 0.3 \, \mathrm{kg} \) 的质点与轻弹簧相连，在光滑水平面上作简谐振动，其位移表达式为 \( x = 0.1 \cos \left( 8\pi t + \frac{2}{3}\pi \right) \)，其中 \( x \) 以米为单位，\( t \) 以秒为单位。求该振动过程中速度的最大值。 (结果以$ \mathrm{\;m} \cdot  {\mathrm{s}}^{-1} $为单位，保留3位有效数字)"," 7.54"
"82","3","一个质量为 \( 0.4 \, \mathrm{kg} \) 的质点与轻弹簧相连，在光滑水平面上作简谐振动，其位移表达式为 \( x = 0.1 \cos \left( 8\pi t + \frac{2}{3}\pi \right) \)，其中 \( x \) 以米为单位，\( t \) 以秒为单位。求该振动过程中速度的最大值。 (结果以$ \mathrm{\;m} \cdot  {\mathrm{s}}^{-1} $为单位，保留4位有效数字)"," 10.05"
"70","0","有 20 个质量均匀分布的相同光滑块体，每个块体长度为 \( l \)，横截面为边长 \( h = l/4 \) 的正方形。在光滑水平面上，将这些块体一块叠一块地组装成一座单孔桥。求桥的跨度与桥孔高度的比值。 (结果保留4位有效数字)","  1.258"
"70","1","有 18个质量均匀分布的相同光滑块体，每个块体长度为 \( l \)，横截面为边长 \( h = l/4 \) 的正方形。在光滑水平面上，将这些块体一块叠一块地组装成一座单孔桥。求桥的跨度与桥孔高度的比值。 (结果保留4位有效数字)","  1.359"
"70","2","有 16个质量均匀分布的相同光滑块体，每个块体长度为 \( l \)，横截面为边长 \( h = l/4 \) 的正方形。在光滑水平面上，将这些块体一块叠一块地组装成一座单孔桥。求桥的跨度与桥孔高度的比值。 (结果保留5位有效数字)","  1.4816"
"70","3","有14个质量均匀分布的相同光滑块体，每个块体长度为 \( l \)，横截面为边长 \( h = l/4 \) 的正方形。在光滑水平面上，将这些块体一块叠一块地组装成一座单孔桥。求桥的跨度与桥孔高度的比值。 (结果保留4位有效数字)","  1.633"
"60","0","一定质量的氮气，初始压强为1个标准大气压，初始体积为10升，初始温度为300开尔文。该气体经历一个缓慢的绝热膨胀过程，最终体积达到30升。求此过程中内能的变化量。 (结果以$ \mathrm{\;J} $为单位，保留3位有效数字)","-934"
"60","1","一定质量的氮气，初始压强为2个标准大气压，初始体积为10升，初始温度为300开尔文。该气体经历一个缓慢的绝热膨胀过程，最终体积达到30升。求此过程中内能的变化量。 (结果以$ \mathrm{\;J} $为单位，保留3位有效数字)","-692"
"60","2","一定质量的氮气，初始压强为3个标准大气压，初始体积为10升，初始温度为300开尔文。该气体经历一个缓慢的绝热膨胀过程，最终体积达到30升。求此过程中内能的变化量。 (结果以$ \mathrm{\;J} $为单位，保留3位有效数字)","-179"
"60","3","一定质量的氮气，初始压强为4个标准大气压，初始体积为10升，初始温度为300开尔文。该气体经历一个缓慢的绝热膨胀过程，最终体积达到30升。求此过程中内能的变化量。 (结果以$ \mathrm{\;J} $为单位，保留3位有效数字)","-338"
"79","0","一个旋转圆盘的转速为 \( {300}\mathrm{r}/\mathrm{min} \)，直径为 \( {200}\mathrm{cm} \)（即半径为 \( {100}\mathrm{cm} \)）。在制动作用下均匀减速，经 \( {50}\mathrm{s} \) 后完全停止。 试求制动过程开始后 \( {25}\mathrm{s} \) 时，圆盘转过的总圈数，以及盘边缘任意一点的法向加速度。 (结果以$ {\mathrm{n}}  $为单位，保留5位有效数字)","  246.74"
"79","1","一个旋转圆盘的转速为 \( {300}\mathrm{r}/\mathrm{min} \)，直径为 \( {400}\mathrm{cm} \)（即半径为 \( {200}\mathrm{cm} \)）。在制动作用下均匀减速，经 \( {50}\mathrm{s} \) 后完全停止。 试求制动过程开始后 \( {25}\mathrm{s} \) 时，圆盘转过的总圈数，以及盘边缘任意一点的法向加速度。 (结果以$ {\mathrm{n}}  $为单位，保留5位有效数字)","  493.48"
"79","2","一个旋转圆盘的转速为 \( {300}\mathrm{r}/\mathrm{min} \)，直径为 \( {600}\mathrm{cm} \)（即半径为 \( {300}\mathrm{cm} \)）。在制动作用下均匀减速，经 \( {50}\mathrm{s} \) 后完全停止。 试求制动过程开始后 \( {25}\mathrm{s} \) 时，圆盘转过的总圈数，以及盘边缘任意一点的法向加速度。 (结果以$ {\mathrm{n}}  $为单位，保留5位有效数字)","  740.22"
"79","3","一个旋转圆盘的转速为 \( {300}\mathrm{r}/\mathrm{min} \)，直径为 \( {800}\mathrm{cm} \)（即半径为 \( {400}\mathrm{cm} \)）。在制动作用下均匀减速，经 \( {50}\mathrm{s} \) 后完全停止。 试求制动过程开始后 \( {25}\mathrm{s} \) 时，圆盘转过的总圈数，以及盘边缘任意一点的法向加速度。 (结果以$ {\mathrm{n}}  $为单位，保留5位有效数字)","  986.96"
"21","0","子弹在枪管内运动过程中，合力随时间的变化关系为  
\[ F = 400 - \frac{4 \times 10^{5}}{3} t \quad (\text{SI单位}) \]  
已知子弹的枪口速度为 \( 300 \, \text{m/s} \)，求子弹从开始运动至离开枪管所需的时间。 (结果使用科学计数法，以$ \mathrm{\;s} $为单位，保留1位有效数字)","3 \times 10^{-3}"
"21","1","子弹在枪管内运动过程中，合力随时间的变化关系为  
\[ F = 500 - \frac{4 \times 10^{5}}{3} t \quad (\text{SI单位}) \]  
已知子弹的枪口速度为 \( 300 \, \text{m/s} \)，求子弹从开始运动至离开枪管所需的时间。 (结果使用科学计数法，以$ \mathrm{\;s} $为单位，保留3位有效数字)","3.75 \times 10^{-3}"
"21","2","子弹在枪管内运动过程中，合力随时间的变化关系为  
\[ F = 600 - \frac{4 \times 10^{5}}{3} t \quad (\text{SI单位}) \]  
已知子弹的枪口速度为 \( 300 \, \text{m/s} \)，求子弹从开始运动至离开枪管所需的时间。 (结果使用科学计数法，以$ \mathrm{\;s} $为单位，保留2位有效数字)","4.5 \times 10^{-3}"
"21","3","子弹在枪管内运动过程中，合力随时间的变化关系为  
\[ F =300 - \frac{4 \times 10^{5}}{3} t \quad (\text{SI单位}) \]  
已知子弹的枪口速度为 \( 300 \, \text{m/s} \)，求子弹从开始运动至离开枪管所需的时间。 (结果使用科学计数法，以$ \mathrm{\;s} $为单位，保留3位有效数字)","2.25 \times 10^{-3}"
"87","0","当用与水平方向呈30°角的力拉置于水平面的物体时，物体做匀速直线运动；若保持该力大小不变，改为沿水平方向拉动，物体依然能匀速前行，求物体与水平面间的动摩擦因数μ。 (结果保留3位有效数字)"," 0.268"
"87","1","当用与水平方向呈45°角的力拉置于水平面的物体时，物体做匀速直线运动；若保持该力大小不变，改为沿水平方向拉动，物体依然能匀速前行，求物体与水平面间的动摩擦因数μ。 (结果保留3位有效数字)"," 0.707"
"87","2","当用与水平方向呈60°角的力拉置于水平面的物体时，物体做匀速直线运动；若保持该力大小不变，改为沿水平方向拉动，物体依然能匀速前行，求物体与水平面间的动摩擦因数μ。 (结果保留3位有效数字)"," 0.577"
"87","3","当用与水平方向呈75°角的力拉置于水平面的物体时，物体做匀速直线运动；若保持该力大小不变，改为沿水平方向拉动，物体依然能匀速前行，求物体与水平面间的动摩擦因数μ。 (结果保留3位有效数字)"," 0.268"
"54","0","一个物体沿 \( x \) 轴方向移动，其加速度表达式为 \( a = -4t \, \text{m/s}^2 \)。在初始时间 \( t = 0 \) 时，物体的位置是 \( 5 \, \text{m} \)，速度是 \( 8 \, \text{m/s} \)。求物体在 \( t = 1 \, \text{s} \) 时刻的速度。 (结果保留1位有效数字)"," 6"
"54","1","一个物体沿 \( x \) 轴方向移动，其加速度表达式为 \( a = -4t \, \text{m/s}^2 \)。在初始时间 \( t = 0 \) 时，物体的位置是 \( 5 \, \text{m} \)，速度是 \( 9 \, \text{m/s} \)。求物体在 \( t = 1 \, \text{s} \) 时刻的速度。 (结果保留1位有效数字)"," 7"
"54","2","一个物体沿 \( x \) 轴方向移动，其加速度表达式为 \( a = -5t \, \text{m/s}^2 \)。在初始时间 \( t = 0 \) 时，物体的位置是 \( 5\, \text{m} \)，速度是 \( 8 \, \text{m/s} \)。求物体在 \( t = 1 \, \text{s} \) 时刻的速度。 (结果保留2位有效数字)"," 5.5"
"54","3","一个物体沿 \( x \) 轴方向移动，其加速度表达式为 \( a = -6t \, \text{m/s}^2 \)。在初始时间 \( t = 0 \) 时，物体的位置是 \( 5 \, \text{m} \)，速度是 \( 12 \, \text{m/s} \)。求物体在 \( t = 1 \, \text{s} \) 时刻的速度。 (结果保留1位有效数字)"," 9"
"66","0","一质量为 \( {50}\mathrm{\;{kg}} \) 的人位于一静止的质量为 \( {200}\mathrm{\;{kg}} \) 的船中，初始时人离岸边 \( {20}\mathrm{\;m} \) 。现此人沿船体向岸边方向移动了 \( 8\mathrm{\;m} \) 后停止。设船与水之间无摩擦，求人停止移动时离岸边的距离。 (结果以$ \mathrm{\;m} $为单位，保留3位有效数字)"," 13.6"
"66","1","一质量为 \( {50}\mathrm{\;{kg}} \) 的人位于一静止的质量为 \( {200}\mathrm{\;{kg}} \) 的船中，初始时人离岸边 \( {25}\mathrm{\;m} \) 。现此人沿船体向岸边方向移动了 \( 8\mathrm{\;m} \) 后停止。设船与水之间无摩擦，求人停止移动时离岸边的距离。 (结果以$ \mathrm{\;m} $为单位，保留3位有效数字)"," 18.6"
"66","2","一质量为 \( {50}\mathrm{\;{kg}} \) 的人位于一静止的质量为 \( {200}\mathrm{\;{kg}} \) 的船中，初始时人离岸边 \( {30}\mathrm{\;m} \) 。现此人沿船体向岸边方向移动了 \( 8\mathrm{\;m} \) 后停止。设船与水之间无摩擦，求人停止移动时离岸边的距离。 (结果以$ \mathrm{\;m} $为单位，保留3位有效数字)"," 23.6"
"66","3","一质量为 \( {50}\mathrm{\;{kg}} \) 的人位于一静止的质量为 \( {200}\mathrm{\;{kg}} \) 的船中，初始时人离岸边 \( {35}\mathrm{\;m} \) 。现此人沿船体向岸边方向移动了 \( 8\mathrm{\;m} \) 后停止。设船与水之间无摩擦，求人停止移动时离岸边的距离。 (结果以$ \mathrm{\;m} $为单位，保留3位有效数字)"," 28.6"
"57","0","一双缝装置的缝间距 \( d = 0.40  \text{mm} \)，每个缝的宽度为 \( a = 0.08  \text{mm} \)。用一波长 \( \lambda = 480  \text{nm} \) 的平行单色光垂直照射双缝，在双缝后放置一焦距为 \( f = 2.0  \text{m} \) 的透镜。求：在单缝衍射中央亮纹范围内，双缝干涉亮纹的数目 \( N \) 。 (结果保留1位有效数字)"," 9 "
"57","1","一双缝装置的缝间距 \( d = 0.20  \text{mm} \)，每个缝的宽度为 \( a = 0.08  \text{mm} \)。用一波长 \( \lambda = 480  \text{nm} \) 的平行单色光垂直照射双缝，在双缝后放置一焦距为 \( f = 2.0  \text{m} \) 的透镜。求：在单缝衍射中央亮纹范围内，双缝干涉亮纹的数目 \( N \) 。 (结果保留1位有效数字)"," 5 "
"57","2","一双缝装置的缝间距 \( d = 0.60  \text{mm} \)，每个缝的宽度为 \( a = 0.08  \text{mm} \)。用一波长 \( \lambda = 480  \text{nm} \) 的平行单色光垂直照射双缝，在双缝后放置一焦距为 \( f = 2.0  \text{m} \) 的透镜。求：在单缝衍射中央亮纹范围内，双缝干涉亮纹的数目 \( N \) 。 (结果保留2位有效数字)"," 15 "
"57","3","一双缝装置的缝间距 \( d = 0.80  \text{mm} \)，每个缝的宽度为 \( a = 0.08  \text{mm} \)。用一波长 \( \lambda = 480  \text{nm} \) 的平行单色光垂直照射双缝，在双缝后放置一焦距为 \( f = 2.0  \text{m} \) 的透镜。求：在单缝衍射中央亮纹范围内，双缝干涉亮纹的数目 \( N \) 。 (结果保留2位有效数字)"," 21"
"31","0","在一个圆柱形电容器装置中，外导体是一个直径为 \( 2\mathrm{\;{cm}} \) 的金属圆柱壳，内导体是一条直径为 \( {0.31}\mathrm{\;{mm}} \) 的金属丝，沿轴线放置。当在内外导体之间施加 \( {850}\mathrm{\;V} \) 的电压时，求外导体内侧表面附近的电场强度大小。 (结果使用科学计数法，以$ \mathrm{\;V}/\mathrm{m} $为单位，保留3位有效数字)","2.04 \times 10^{4}"
"31","1","在一个圆柱形电容器装置中，外导体是一个直径为 \( 2\mathrm{\;{cm}} \) 的金属圆柱壳，内导体是一条直径为 \( {0.31}\mathrm{\;{mm}} \) 的金属丝，沿轴线放置。当在内外导体之间施加 \( {800}\mathrm{\;V} \) 的电压时，求外导体内侧表面附近的电场强度大小。 (结果使用科学计数法，以$ \mathrm{\;V}/\mathrm{m} $为单位，保留3位有效数字)","1.92 \times 10^{4}"
"31","2","在一个圆柱形电容器装置中，外导体是一个直径为 \( 2\mathrm{\;{cm}} \) 的金属圆柱壳，内导体是一条直径为 \( {0.31}\mathrm{\;{mm}} \) 的金属丝，沿轴线放置。当在内外导体之间施加 \( {900}\mathrm{\;V} \) 的电压时，求外导体内侧表面附近的电场强度大小。 (结果使用科学计数法，以$ \mathrm{\;V}/\mathrm{m} $为单位，保留3位有效数字)","2.16 \times 10^{4}"
"31","3","在一个圆柱形电容器装置中，外导体是一个直径为 \( 2\mathrm{\;{cm}} \) 的金属圆柱壳，内导体是一条直径为 \( {0.31}\mathrm{\;{mm}} \) 的金属丝，沿轴线放置。当在内外导体之间施加 \( {750}\mathrm{\;V} \) 的电压时，求外导体内侧表面附近的电场强度大小。 (结果使用科学计数法，以$ \mathrm{\;V}/\mathrm{m} $为单位，保留3位有效数字)","1.80 \times 10^{4}"
"100","0","某质点沿 \( X \) 轴作直线运动，受力 \( \mathrm{F} = \left( {5x + 4} \right) \mathrm{{iN}} \)。试求质点从 \( {x}_{0} = 0 \) 移动到 \( x = {10}\mathrm{\;m} \) 的过程中,该力作功多少? (结果以$ \mathrm{\;J} $为单位，保留3位有效数字)","290"
"100","1","某质点沿 \( X \) 轴作直线运动，受力 \( \mathrm{F} = \left( {7x + 4} \right) \mathrm{{iN}} \)。试求质点从 \( {x}_{0} = 0 \) 移动到 \( x = {10}\mathrm{\;m} \) 的过程中,该力作功多少? (结果以$ \mathrm{\;J} $为单位，保留3位有效数字)","390"
"100","2","某质点沿 \( X \) 轴作直线运动，受力 \( \mathrm{F} = \left( {5x + 5} \right) \mathrm{{iN}} \)。试求质点从 \( {x}_{0} = 0 \) 移动到 \( x = {10}\mathrm{\;m} \) 的过程中,该力作功多少? (结果以$ \mathrm{\;J} $为单位，保留3位有效数字)","300"
"100","3","某质点沿 \( X \) 轴作直线运动，受力 \( \mathrm{F} = \left( {6x + 8} \right) \mathrm{{iN}} \)。试求质点从 \( {x}_{0} = 0 \) 移动到 \( x = {10}\mathrm{\;m} \) 的过程中,该力作功多少? (结果以$ \mathrm{\;J} $为单位，保留3位有效数字)","380"
"72","0","在杨氏双缝干涉装置中，双缝间距 \( d = {0.5}\mathrm{\;{mm}} \)，缝与接收屏的距离 \( D = {25}\mathrm{\;{cm}} \)。若分别以波长为 \( {400}\mathrm{\;{nm}} \) 和 \( {600}\mathrm{\;{nm}} \) 的单色光入射，求两种波长产生的干涉条纹首次重合点距离屏幕中心的距离是多少？ (结果以$ \mathrm{\;{mm}}  $为单位，保留1位有效数字)"," 0.6"
"72","1","在杨氏双缝干涉装置中，双缝间距 \( d = {0.7}\mathrm{\;{mm}} \)，缝与接收屏的距离 \( D = {25}\mathrm{\;{cm}} \)。若分别以波长为 \( {400}\mathrm{\;{nm}} \) 和 \( {600}\mathrm{\;{nm}} \) 的单色光入射，求两种波长产生的干涉条纹首次重合点距离屏幕中心的距离是多少？ (结果以$ \mathrm{\;{mm}}  $为单位，保留2位有效数字)"," 0.43"
"72","2","在杨氏双缝干涉装置中，双缝间距 \( d = {0.5}\mathrm{\;{mm}} \)，缝与接收屏的距离 \( D = {30}\mathrm{\;{cm}} \)。若分别以波长为 \( {400}\mathrm{\;{nm}} \) 和 \( {600}\mathrm{\;{nm}} \) 的单色光入射，求两种波长产生的干涉条纹首次重合点距离屏幕中心的距离是多少？ (结果以$ \mathrm{\;{mm}}  $为单位，保留2位有效数字)"," 0.72"
"72","3","在杨氏双缝干涉装置中，双缝间距 \( d = {0.5}\mathrm{\;{mm}} \)，缝与接收屏的距离 \( D = {25}\mathrm{\;{cm}} \)。若分别以波长为 \( {300}\mathrm{\;{nm}} \) 和 \( {450}\mathrm{\;{nm}} \) 的单色光入射，求两种波长产生的干涉条纹首次重合点距离屏幕中心的距离是多少？ (结果以$ \mathrm{\;{mm}}  $为单位，保留2位有效数字)"," 0.45"
"28","0","已知一种元素是 \( {}_{80}^{232}\mathrm{{Th}} \) ，它会发生衰变最终变成 \( {}_{82}^{208}\mathrm{\;{Pb}} \) ，那么在此衰变过程中，一共需要经历多少次 \( \alpha \) 衰变呢？ (结果保留1位有效数字)","6"
"28","1","已知一种元素是 \( {}_{80}^{230}\mathrm{{Th}} \) ，它会发生衰变最终变成 \( {}_{82}^{206}\mathrm{\;{Pb}} \) ，那么在此衰变过程中，一共需要经历多少次 \( \alpha \) 衰变呢？ (结果保留1位有效数字)","6"
"28","2","已知一种元素是 \( {}_{80}^{232}\mathrm{{Th}} \) ，它会发生衰变最终变成 \( {}_{82}^{200}\mathrm{\;{Pb}} \) ，那么在此衰变过程中，一共需要经历多少次 \( \alpha \) 衰变呢？ (结果保留1位有效数字)","8"
"28","3","已知一种元素是 \( {}_{80}^{240}\mathrm{{Th}} \) ，它会发生衰变最终变成 \( {}_{82}^{208}\mathrm{\;{Pb}} \) ，那么在此衰变过程中，一共需要经历多少次 \( \alpha \) 衰变呢？ (结果保留1位有效数字)","8"
"11","0","试求在 300 K 的温度条件下，1 摩尔氢气（视为理想气体）的内能值（氦、氧等气体同样按理想气体处理）。 (结果使用科学计数法，以$ \mathrm{\;J}  $为单位，保留3位有效数字)","6.23 \times 10^{3}"
"11","1","试求在 3000K 的温度条件下，1 摩尔氢气（视为理想气体）的内能值（氦、氧等气体同样按理想气体处理）。 (结果使用科学计数法，以$ \mathrm{\;J}  $为单位，保留3位有效数字)","6.23 \times 10^{4}"
"11","2","试求在 600 K 的温度条件下，1 摩尔氢气（视为理想气体）的内能值（氦、氧等气体同样按理想气体处理）。 (结果使用科学计数法，以$ \mathrm{\;J}  $为单位，保留4位有效数字)","1.246 \times 10^{4}"
"11","3","试求在 900 K 的温度条件下，1 摩尔氢气（视为理想气体）的内能值（氦、氧等气体同样按理想气体处理）。 (结果使用科学计数法，以$ \mathrm{\;J}  $为单位，保留4位有效数字)","1.869 \times 10^{4}"
"85","0","有一个负载，它是由电感和电阻串联而成的，将其接入到频率为50赫、电压有效值为220伏的交流电路当中。经过测量发现，在这个电路里，电流的有效值是10安，并且该负载所获取的有功功率为1.76千瓦。现在需要求出电流相较于电压滞后的位相角是多少。 (结果以$ { \circ $为单位，保留2位有效数字)"," 37"
"85","1","有一个负载，它是由电感和电阻串联而成的，将其接入到频率为50赫、电压有效值为240伏的交流电路当中。经过测量发现，在这个电路里，电流的有效值是10安，并且该负载所获取的有功功率为1.76千瓦。现在需要求出电流相较于电压滞后的位相角是多少。 (结果以$ { \circ $为单位，保留3位有效数字)"," 43.6"
"85","2","有一个负载，它是由电感和电阻串联而成的，将其接入到频率为50赫、电压有效值为260伏的交流电路当中。经过测量发现，在这个电路里，电流的有效值是10安，并且该负载所获取的有功功率为1.76千瓦。现在需要求出电流相较于电压滞后的位相角是多少。 (结果以$ { \circ $为单位，保留4位有效数字)"," 46.37"
"85","3","有一个负载，它是由电感和电阻串联而成的，将其接入到频率为50赫、电压有效值为280伏的交流电路当中。经过测量发现，在这个电路里，电流的有效值是10安，并且该负载所获取的有功功率为1.76千瓦。现在需要求出电流相较于电压滞后的位相角是多少。 (结果以$ { \circ $为单位，保留4位有效数字)"," 50.19"
"64","0","一个内层导体球，半径为 \( R_{1} = 1.0  \text{cm} \)，带有电荷 \( q_{1} = 1.0 \times  10^{-10}  \text{C} \)。其外部有一个同心的导体球壳，该球壳的内半径为 \( R_{2} = 3.0  \text{cm} \)，外半径为 \( R_{3} = 4.0  \text{cm} \)，且球壳上总电荷为 \( Q = 11 \times  10^{-10}  \text{C} \)。若将外球壳接地，求内球的电位 \( V_{2} \) 为多少？ (结果保留1位有效数字)"," 0"
"64","1","一个内层导体球，半径为 \( R_{1} = 1.0  \text{cm} \)，带有电荷 \( q_{1} = 2.0 \times  10^{-10}  \text{C} \)。其外部有一个同心的导体球壳，该球壳的内半径为 \( R_{2} = 3.0  \text{cm} \)，外半径为 \( R_{3} = 4.0  \text{cm} \)，且球壳上总电荷为 \( Q = 11 \times  10^{-10}  \text{C} \)。若将外球壳接地，求内球的电位 \( V_{2} \) 为多少？ (结果使用科学计数法，以$ \mathrm{\;V} $为单位，保留2位有效数字)","1.2 \times 10^{2}"
"64","2","一个内层导体球，半径为 \( R_{1} = 1.0  \text{cm} \)，带有电荷 \( q_{1} = 1.0 \times  10^{-10}  \text{C} \)。其外部有一个同心的导体球壳，该球壳的内半径为 \( R_{2} = 3.0  \text{cm} \)，外半径为 \( R_{3} = 5.0  \text{cm} \)，且球壳上总电荷为 \( Q = 11 \times  10^{-10}  \text{C} \)。若将外球壳接地，求内球的电位 \( V_{2} \) 为多少？ (结果使用科学计数法，以$ \mathrm{\;V} $为单位，保留1位有效数字)","0.6 \times 10^{2}"
"64","3","一个内层导体球，半径为 \( R_{1} = 3.0  \text{cm} \)，带有电荷 \( q_{1} = 1.0 \times  10^{-10}  \text{C} \)。其外部有一个同心的导体球壳，该球壳的内半径为 \( R_{2} = 3.0  \text{cm} \)，外半径为 \( R_{3} = 6.0  \text{cm} \)，且球壳上总电荷为 \( Q = 11 \times  10^{-10}  \text{C} \)。若将外球壳接地，求内球的电位 \( V_{2} \) 为多少？ (结果使用科学计数法，以$ \mathrm{\;V} $为单位，保留2位有效数字)","0.12 \times 10^{2}"
"35","0","在上海正负电子对撞机的储存环中，电子在周长为 \( 240  \mathrm{m} \) 的轨道上作圆周运动。已知电子的动量是 \( 1.49 \times 10^{-18}  \mathrm{kg \cdot m/s} \)。求偏转磁场的磁感应强度。 (结果以$ \mathrm{\;T} $为单位，保留3位有效数字)","0.244"
"35","1","在上海正负电子对撞机的储存环中，电子在周长为 \( 230  \mathrm{m} \) 的轨道上作圆周运动。已知电子的动量是 \( 1.49 \times 10^{-18}  \mathrm{kg \cdot m/s} \)。求偏转磁场的磁感应强度。 (结果以$ \mathrm{\;T} $为单位，保留3位有效数字)","0.254"
"35","2","在上海正负电子对撞机的储存环中，电子在周长为 \( 240  \mathrm{m} \) 的轨道上作圆周运动。已知电子的动量是 \( 1.5 \times 10^{-18}  \mathrm{kg \cdot m/s} \)。求偏转磁场的磁感应强度。 (结果以$ \mathrm{\;T} $为单位，保留3位有效数字)","0.245"
"35","3","在上海正负电子对撞机的储存环中，电子在周长为 \( 260  \mathrm{m} \) 的轨道上作圆周运动。已知电子的动量是 \( 1.49 \times 10^{-18}  \mathrm{kg \cdot m/s} \)。求偏转磁场的磁感应强度。 (结果以$ \mathrm{\;T} $为单位，保留3位有效数字)","0.225"
"12","0","一个飞轮的直径为 \( {18}\mathrm{\;{cm}} \)，其边缘处固定有一个小铆钉。若该飞轮的旋转速率在 \( 5\mathrm{\;{min}} \) 内由 \( {2000}\mathrm{r}/\mathrm{{min}} \) 匀速地增至 \( {4000}\mathrm{r}/\mathrm{{min}} \)，试求铆钉的切向加速度的大小。 (结果使用科学计数法，以$ \mathrm{\;m}/{\mathrm{s}}^{2} $为单位，保留4位有效数字)","1.579 \times 10^{4}"
"12","1","一个飞轮的直径为 \( {20}\mathrm{\;{cm}} \)，其边缘处固定有一个小铆钉。若该飞轮的旋转速率在 \( 5\mathrm{\;{min}} \) 内由 \( {2000}\mathrm{r}/\mathrm{{min}} \) 匀速地增至 \( {4000}\mathrm{r}/\mathrm{{min}} \)，试求铆钉的切向加速度的大小。 (结果使用科学计数法，以$ \mathrm{\;m}/{\mathrm{s}}^{2} $为单位，保留3位有效数字)","6.98 \times 10^{-2}"
"12","2","一个飞轮的直径为 \( {22}\mathrm{\;{cm}} \)，其边缘处固定有一个小铆钉。若该飞轮的旋转速率在 \( 5\mathrm{\;{min}} \) 内由 \( {2000}\mathrm{r}/\mathrm{{min}} \) 匀速地增至 \( {4000}\mathrm{r}/\mathrm{{min}} \)，试求铆钉的切向加速度的大小。 (结果使用科学计数法，以$ \mathrm{\;m}/{\mathrm{s}}^{2} $为单位，保留3位有效数字)","7.68 \times 10^{-2}"
"12","3","一个飞轮的直径为 \( {24}\mathrm{\;{cm}} \)，其边缘处固定有一个小铆钉。若该飞轮的旋转速率在 \( 5\mathrm{\;{min}} \) 内由 \( {2000}\mathrm{r}/\mathrm{{min}} \) 匀速地增至 \( {4000}\mathrm{r}/\mathrm{{min}} \)，试求铆钉的切向加速度的大小。 (结果使用科学计数法，以$ \mathrm{\;m}/{\mathrm{s}}^{2} $为单位，保留3位有效数字)","8.38 \times 10^{-2}"
"38","0","一可逆卡诺热机初始在高温热源温度为127°C、低温热源温度为27°C下运行，每次循环输出净功8000J。现保持低温热源温度27°C不变，提升高温热源温度，使得每次循环输出净功达到10000J。已知两个循环均基于相同的两条绝热线进行操作。求高温热源温度提升后，该热机的效率。 (结果以$ {\prime $为单位，保留3位有效数字)"," 29.4"
"38","1","一可逆卡诺热机初始在高温热源温度为127°C、低温热源温度为27°C下运行，每次循环输出净功8000J。现保持低温热源温度27°C不变，提升高温热源温度，使得每次循环输出净功达到20000J。已知两个循环均基于相同的两条绝热线进行操作。求高温热源温度提升后，该热机的效率。 (结果以$ {\prime $为单位，保留4位有效数字)"," 45.45"
"38","2","一可逆卡诺热机初始在高温热源温度为127°C、低温热源温度为27°C下运行，每次循环输出净功8000J。现保持低温热源温度27°C不变，提升高温热源温度，使得每次循环输出净功达到30000J。已知两个循环均基于相同的两条绝热线进行操作。求高温热源温度提升后，该热机的效率。 (结果以$ {\prime $为单位，保留4位有效数字)"," 55.56"
"38","3","一可逆卡诺热机初始在高温热源温度为127°C、低温热源温度为27°C下运行，每次循环输出净功10000J。现保持低温热源温度27°C不变，提升高温热源温度，使得每次循环输出净功达到30000J。已知两个循环均基于相同的两条绝热线进行操作。求高温热源温度提升后，该热机的效率 (结果以$ {\prime $为单位，保留2位有效数字)"," 50"
"74","0","一绝热容器被一活塞分隔成两部分，其中分别充有 1mol 的氩气(Ar)和氧气(\(O_2\))，设初始时 Ar 的压强为 \( 2\mathrm{atm} \) ，温度为 \( 400\mathrm{K} \)，\(O_2\)的压强为 \( 1\mathrm{atm} \)，温度为 \( 300\mathrm{K} \) 。由于两侧压力不等，活塞将在容器内滑动。假定活塞是导热的，摩擦可以忽略不计， Ar 和\(O_2\)均可视为刚性分子理想气体，求最终达到平衡时 Ar 的温度。 (结果以$ \mathrm{\;K}  $为单位，保留4位有效数字)"," 337.5"
"74","1","一绝热容器被一活塞分隔成两部分，其中分别充有 1mol 的氩气(Ar)和氧气(\(O_2\))，设初始时 Ar 的压强为 \( 1\mathrm{atm} \) ，温度为 \( 400\mathrm{K} \)，\(O_2\)的压强为 \( 1\mathrm{atm} \)，温度为 \( 300\mathrm{K} \) 。由于两侧压力不等，活塞将在容器内滑动。假定活塞是导热的，摩擦可以忽略不计， Ar 和\(O_2\)均可视为刚性分子理想气体，求最终达到平衡时 Ar 的温度。 (结果以$ \mathrm{\;K}  $为单位，保留4位有效数字)"," 262.5"
"74","2","一绝热容器被一活塞分隔成两部分，其中分别充有 1mol 的氩气(Ar)和氧气(\(O_2\))，设初始时 Ar 的压强为 \( 1\mathrm{atm} \) ，温度为 \( 400\mathrm{K} \)，\(O_2\)的压强为 \( 1\mathrm{atm} \)，温度为 \( 600\mathrm{K} \) 。由于两侧压力不等，活塞将在容器内滑动。假定活塞是导热的，摩擦可以忽略不计， Ar 和\(O_2\)均可视为刚性分子理想气体，求最终达到平衡时 Ar 的温度。 (结果以$ \mathrm{\;K}  $为单位，保留3位有效数字)"," 525"
"74","3","一绝热容器被一活塞分隔成两部分，其中分别充有 1mol 的氩气(Ar)和氧气(\(O_2\))，设初始时 Ar 的压强为 \( 1\mathrm{atm} \) ，温度为 \( 800\mathrm{K} \)，\(O_2\)的压强为 \( 1\mathrm{atm} \)，温度为 \( 600\mathrm{K} \) 。由于两侧压力不等，活塞将在容器内滑动。假定活塞是导热的，摩擦可以忽略不计， Ar 和\(O_2\)均可视为刚性分子理想气体，求最终达到平衡时 Ar 的温度。 (结果以$ \mathrm{\;K}  $为单位，保留3位有效数字)"," 675"
"18","0","在牛顿环实验中，使用波长 \( \lambda = 500 \, \text{nm} \) 的单色光垂直入射。测得第 \( m \) 级暗环的半径为 \( r_m = 4 \, \text{mm} \)，第 \( (m + 10) \) 级暗环的半径为 \( r_{m + 10} = 6 \, \text{mm} \)。求透镜的曲率半径。 (结果以$ \mathrm{\;m} $为单位，保留1位有效数字)"," 4"
"18","1","在牛顿环实验中，使用波长 \( \lambda = 500 \, \text{nm} \) 的单色光垂直入射。测得第 \( m \) 级暗环的半径为 \( r_m = 4 \, \text{mm} \)，第 \( (m + 10) \) 级暗环的半径为 \( r_{m + 10} = 8 \, \text{mm} \)。求透镜的曲率半径。 (结果以$ \mathrm{\;m} $为单位，保留2位有效数字)"," 9.6"
"18","2","在牛顿环实验中，使用波长 \( \lambda = 500 \, \text{nm} \) 的单色光垂直入射。测得第 \( m \) 级暗环的半径为 \( r_m = 5 \, \text{mm} \)，第 \( (m + 10) \) 级暗环的半径为 \( r_{m + 10} =8 \, \text{mm} \)。求透镜的曲率半径。 (结果以$ \mathrm{\;m} $为单位，保留2位有效数字)","7.8"
"18","3","在牛顿环实验中，使用波长 \( \lambda = 400 \, \text{nm} \) 的单色光垂直入射。测得第 \( m \) 级暗环的半径为 \( r_m = 4 \, \text{mm} \)，第 \( (m + 10) \) 级暗环的半径为 \( r_{m + 10} = 6 \, \text{mm} \)。求透镜的曲率半径。 (结果以$ \mathrm{\;m} $为单位，保留1位有效数字)"," 5"
"86","0","当 \( {}_{80}^{232}\mathrm{{Th}} \) 衰变为 \( {}_{82}^{208}\mathrm{\;{Pb}} \)时， 此过程要经历多少次 \( {\beta }^{ - } \) 衰变？ (结果保留1位有效数字)","4 "
"86","1","当 \( {}_{80}^{240}\mathrm{{Th}} \) 衰变为 \( {}_{82}^{208}\mathrm{\;{Pb}} \)时， 此过程要经历多少次 \( {\beta }^{ - } \) 衰变？ (结果保留1位有效数字)","6"
"86","2","当 \( {}_{80}^{224}\mathrm{{Th}} \) 衰变为 \( {}_{82}^{208}\mathrm{\;{Pb}} \)时， 此过程要经历多少次 \( {\beta }^{ - } \) 衰变？ (结果保留1位有效数字)","2"
"86","3","当 \( {}_{80}^{256}\mathrm{{Th}} \) 衰变为 \( {}_{82}^{208}\mathrm{\;{Pb}} \)时， 此过程要经历多少次 \( {\beta }^{ - } \) 衰变？ (结果保留2位有效数字)","10"
"8","0","两个物体 A 和 B 初始静止且相隔 \( 1.0 \, \mathrm{m} \)。物体 A 的质量为 \( 0.1 \, \mathrm{kg} \)，物体 B 的质量为 \( 0.3 \, \mathrm{kg} \)。它们之间作用着大小为 \( 1.0 \times 10^{-2} \, \mathrm{N} \) 的恒定吸引力。求在距离物体 A 的初始位置多远处，两物体会发生碰撞？ (结果以$ \mathrm{\;m} $为单位，保留2位有效数字)","0.75"
"8","1","两个物体 A 和 B 初始静止且相隔 \( 2.0 \, \mathrm{m} \)。物体 A 的质量为 \( 0.2 \, \mathrm{kg} \)，物体 B 的质量为 \( 0.4 \, \mathrm{kg} \)。它们之间作用着大小为 \( 1.0 \times 10^{-2} \, \mathrm{N} \) 的恒定吸引力。求在距离物体 A 的初始位置多远处，两物体会发生碰撞？ (结果以$ \mathrm{\;m} $为单位，保留3位有效数字)","1.33"
"8","2","两个物体 A 和 B 初始静止且相隔 \( 3.0 \, \mathrm{m} \)。物体 A 的质量为 \( 0.2 \, \mathrm{kg} \)，物体 B 的质量为 \( 0.4 \, \mathrm{kg} \)。它们之间作用着大小为 \( 1.0 \times 10^{-2} \, \mathrm{N} \) 的恒定吸引力。求在距离物体 A 的初始位置多远处，两物体会发生碰撞？ (结果以$ \mathrm{\;m} $为单位，保留2位有效数字)","2.0"
"8","3","两个物体 A 和 B 初始静止且相隔 \( 3.0 \, \mathrm{m} \)。物体 A 的质量为 \( 0.2 \, \mathrm{kg} \)，物体 B 的质量为 \( 0.6 \, \mathrm{kg} \)。它们之间作用着大小为 \( 1.0 \times 10^{-2} \, \mathrm{N} \) 的恒定吸引力。求在距离物体 A 的初始位置多远处，两物体会发生碰撞？ (结果以$ \mathrm{\;m} $为单位，保留3位有效数字)","2.25"
"40","0","在早期氢原子理论的经典描述中，电子在原子核的库仑吸引力作用下沿圆形轨道匀速运动。然而，依据麦克斯韦电磁理论，加速运动的电荷会辐射能量，辐射功率由拉莫尔公式表达：\( P = \frac{{e}^{2}{a}^{2}}{{6\pi }{c}^{3}{\varepsilon }_{0}} \)，此处 \( a \) 代表电子加速度，\( c \) 是真空光速，\( {\varepsilon }_{0} = {8.854} \times  {10}^{-{12}}\mathrm{\;F} \cdot  {\mathrm{m}}^{-1} \)，电子电荷量大小 \( e = {1.602} \times  {10}^{-{19}}\mathrm{C} \)。忽略相对论修正，计算经典框架下氢原子的存在时间 \( \tau \)（实验给出氢原子基态结合能 \( {E}_{\mathrm{H}} = {13.6}\mathrm{{eV}} \)，电子质量 \( {m}_{e} = {9.109} \times  {10}^{-{31}}\mathrm{\;{kg}} \)）。 (结果使用科学计数法，以$ \mathrm{\;s}  $为单位，保留3位有效数字)","1.56 \times 10^{-11}"
"40","1","在早期氢原子理论的经典描述中，电子在原子核的库仑吸引力作用下沿圆形轨道匀速运动。然而，依据麦克斯韦电磁理论，加速运动的电荷会辐射能量，辐射功率由拉莫尔公式表达：\( P = \frac{{e}^{2}{a}^{2}}{{6\pi }{c}^{3}{\varepsilon }_{0}} \)，此处 \( a \) 代表电子加速度，\( c \) 是真空光速，\( {\varepsilon }_{0} = {8.854} \times  {10}^{-{12}}\mathrm{\;F} \cdot  {\mathrm{m}}^{-1} \)，电子电荷量大小 \( e = {1.602} \times  {10}^{-{19}}\mathrm{C} \)。忽略相对论修正，计算经典框架下氢原子的存在时间 \( \tau \)（实验给出氢原子基态结合能 \( {E}_{\mathrm{H}} = {13.6}\mathrm{{eV}} \)，电子质量 \( {m}_{e} = {9.109} \times  {10}^{-{30}}\mathrm{\;{kg}} \)）。 (结果使用科学计数法，以$ \mathrm{\;s}  $为单位，保留3位有效数字)","1.56 \times 10^{-10}"
"40","2","在早期氢原子理论的经典描述中，电子在原子核的库仑吸引力作用下沿圆形轨道匀速运动。然而，依据麦克斯韦电磁理论，加速运动的电荷会辐射能量，辐射功率由拉莫尔公式表达：\( P = \frac{{e}^{2}{a}^{2}}{{6\pi }{c}^{3}{\varepsilon }_{0}} \)，此处 \( a \) 代表电子加速度，\( c \) 是真空光速，\( {\varepsilon }_{0} = {8.854} \times  {10}^{-{12}}\mathrm{\;F} \cdot  {\mathrm{m}}^{-1} \)，电子电荷量大小 \( e = {1.602} \times  {10}^{-{19}}\mathrm{C} \)。忽略相对论修正，计算经典框架下氢原子的存在时间 \( \tau \)（实验给出氢原子基态结合能 \( {E}_{\mathrm{H}} = {13.6}\mathrm{{eV}} \)，电子质量 \( {m}_{e} = {9.109} \times  {10}^{-{21}}\mathrm{\;{kg}} \)）。 (结果使用科学计数法，以$ \mathrm{\;s}  $为单位，保留3位有效数字)","1.56 \times 10^{-1}"
"40","3","在早期氢原子理论的经典描述中，电子在原子核的库仑吸引力作用下沿圆形轨道匀速运动。然而，依据麦克斯韦电磁理论，加速运动的电荷会辐射能量，辐射功率由拉莫尔公式表达：\( P = \frac{{e}^{2}{a}^{2}}{{6\pi }{c}^{3}{\varepsilon }_{0}} \)，此处 \( a \) 代表电子加速度，\( c \) 是真空光速，\( {\varepsilon }_{0} = {8.854} \times  {10}^{-{12}}\mathrm{\;F} \cdot  {\mathrm{m}}^{-1} \)，电子电荷量大小 \( e = {1.602} \times  {10}^{-{19}}\mathrm{C} \)。忽略相对论修正，计算经典框架下氢原子的存在时间 \( \tau \)（实验给出氢原子基态结合能 \( {E}_{\mathrm{H}} = {13.6}\mathrm{{eV}} \)，电子质量 \( {m}_{e} = {9.109} \times  {10}^{-{25}}\mathrm{\;{kg}} \)）。 (结果使用科学计数法，以$ \mathrm{\;s}  $为单位，保留3位有效数字)","1.56 \times 10^{-5}"
"88","0","当一艘船以 24 千米/小时的速度向正东方向航行时，船上的人观察到烟囱排出的烟飘向正西北方向。过一会儿，船以 15 千米/小时的速度向正北方向航行，船上的人则观察到烟飘向正东方向。设在这两次航行中风速不变，求风速。 (结果保留3位有效数字)"," 17.5"
"88","1","当一艘船以30 千米/小时的速度向正东方向航行时，船上的人观察到烟囱排出的烟飘向正西北方向。过一会儿，船以 15 千米/小时的速度向正北方向航行，船上的人则观察到烟飘向正东方向。设在这两次航行中风速不变，求风速。 (结果保留4位有效数字)","21.21"
"88","2","当一艘船以 20 千米/小时的速度向正东方向航行时，船上的人观察到烟囱排出的烟飘向正西北方向。过一会儿，船以 15 千米/小时的速度向正北方向航行，船上的人则观察到烟飘向正东方向。设在这两次航行中风速不变，求风速。 (结果保留4位有效数字)","15.81"
"88","3","当一艘船以 28 千米/小时的速度向正东方向航行时，船上的人观察到烟囱排出的烟飘向正西北方向。过一会儿，船以 15 千米/小时的速度向正北方向航行，船上的人则观察到烟飘向正东方向。设在这两次航行中风速不变，求风速。 (结果保留4位有效数字)","19.85 "
"94","0","设法布里-珀罗干涉仪腔长为 \( 5\mathrm{\;cm} \)，使用波长为 \( 0.6\mu\mathrm{m} \) 的扩展光源进行实验。若将此干涉仪用于白光滤波，透射最强的光谱线有多少条？ (结果使用科学计数法，保留2位有效数字)","1.2 \times 10^{5}"
"94","1","设法布里-珀罗干涉仪腔长为 \( 6\mathrm{\;cm} \)，使用波长为 \( 0.6\mu\mathrm{m} \) 的扩展光源进行实验。若将此干涉仪用于白光滤波，透射最强的光谱线有多少条？ (结果使用科学计数法，保留2位有效数字)","1.4 \times 10^{5}"
"94","2","设法布里-珀罗干涉仪腔长为 \( 8\mathrm{\;cm} \)，使用波长为 \( 0.6\mu\mathrm{m} \) 的扩展光源进行实验。若将此干涉仪用于白光滤波，透射最强的光谱线有多少条？ (结果使用科学计数法，保留3位有效数字)","1.87 \times 10^{5}"
"94","3","设法布里-珀罗干涉仪腔长为 \( 9\mathrm{\;cm} \)，使用波长为 \( 0.6\mu\mathrm{m} \) 的扩展光源进行实验。若将此干涉仪用于白光滤波，透射最强的光谱线有多少条？ (结果使用科学计数法，保留2位有效数字)","2.1 \times 10^{5}"
"52","0","有两个无限长同轴圆柱导体，半径分别为 \( R_{1} = 3.0 \times 10^{-2}  \mathrm{m} \) 和 \( R_{2} = 0.10  \mathrm{m} \)，分别携带等量但符号相反的电荷。若两导体之间的电势差为 \( 450  \mathrm{V} \)，求：沿轴线方向每单位长度的电荷量大小。 (结果使用科学计数法，以$ \mathrm{C} \cdot  {\mathrm{m}}^{-1} $为单位，保留2位有效数字)","2.1 \times 10^{-8}"
"52","1","有两个无限长同轴圆柱导体，半径分别为 \( R_{1} = 3.0 \times 10^{-2}  \mathrm{m} \) 和 \( R_{2} = 0.10  \mathrm{m} \)，分别携带等量但符号相反的电荷。若两导体之间的电势差为 \( 400  \mathrm{V} \)，求：沿轴线方向每单位长度的电荷量大小。 (结果使用科学计数法，以$ \mathrm{C} \cdot  {\mathrm{m}}^{-1} $为单位，保留2位有效数字)","1.8 \times 10^{-8}"
"52","2","有两个无限长同轴圆柱导体，半径分别为 \( R_{1} = 3.0 \times 10^{-2}  \mathrm{m} \) 和 \( R_{2} = 0.10  \mathrm{m} \)，分别携带等量但符号相反的电荷。若两导体之间的电势差为 \( 200  \mathrm{V} \)，求：沿轴线方向每单位长度的电荷量大小。 (结果使用科学计数法，以$ \mathrm{C} \cdot  {\mathrm{m}}^{-1} $为单位，保留1位有效数字)","0.9 \times 10^{-8}"
"52","3","有两个无限长同轴圆柱导体，半径分别为 \( R_{1} = 3.0 \times 10^{-2}  \mathrm{m} \) 和 \( R_{2} = 0.10  \mathrm{m} \)，分别携带等量但符号相反的电荷。若两导体之间的电势差为 \( 100  \mathrm{V} \)，求：沿轴线方向每单位长度的电荷量大小。 (结果使用科学计数法，以$ \mathrm{C} \cdot  {\mathrm{m}}^{-1} $为单位，保留1位有效数字)","0.5 \times 10^{-8}"
"58","0","在两个透射轴平行的偏振片之间插入一片石英旋光晶片，以完全阻挡波长为 \(5500 \mathring{A}\) 的黄绿光。已知石英对此波长的旋光率为 \(24^\circ/\mathrm{mm}\)，求晶片的最小厚度。 (结果以$ \mathrm{\;{mm}} $为单位，保留3位有效数字)","3.75"
"58","1","在两个透射轴平行的偏振片之间插入一片石英旋光晶片，以完全阻挡波长为 \(5500 \mathring{A}\) 的黄绿光。已知石英对此波长的旋光率为 \(25^\circ/\mathrm{mm}\)，求晶片的最小厚度。 (结果以$ \mathrm{\;{mm}} $为单位，保留2位有效数字)","3.6"
"58","2","在两个透射轴平行的偏振片之间插入一片石英旋光晶片，以完全阻挡波长为 \(5500 \mathring{A}\) 的黄绿光。已知石英对此波长的旋光率为 \(30^\circ/\mathrm{mm}\)，求晶片的最小厚度。 (结果以$ \mathrm{\;{mm}} $为单位，保留1位有效数字)","3"
"58","3","在两个透射轴平行的偏振片之间插入一片石英旋光晶片，以完全阻挡波长为 \(5500 \mathring{A}\) 的黄绿光。已知石英对此波长的旋光率为 \(36^\circ/\mathrm{mm}\)，求晶片的最小厚度。 (结果以$ \mathrm{\;{mm}} $为单位，保留2位有效数字)","2.5"
"80","0","一个伽利略望远镜的物镜焦距为 \( 15 \, \text{cm} \)。若目镜为发散透镜且其光心与物镜光心相距 \( 10 \, \text{cm} \)，求目镜的焦距。 (结果以$ \mathrm{\;{cm}} $为单位，保留1位有效数字)","- 5"
"80","1","一个伽利略望远镜的物镜焦距为 \( 20 \, \text{cm} \)。若目镜为发散透镜且其光心与物镜光心相距 \( 10 \, \text{cm} \)，求目镜的焦距。 (结果以$ \mathrm{\;{cm}} $为单位，保留2位有效数字)","- 10"
"80","2","一个伽利略望远镜的物镜焦距为 \( 15 \, \text{cm} \)。若目镜为发散透镜且其光心与物镜光心相距 \( 17 \, \text{cm} \)，求目镜的焦距。 (结果以$ \mathrm{\;{cm}} $为单位，保留1位有效数字)","-2"
"80","3","一个伽利略望远镜的物镜焦距为 \( 14 \, \text{cm} \)。若目镜为发散透镜且其光心与物镜光心相距 \( 23 \, \text{cm} \)，求目镜的焦距。 (结果以$ \mathrm{\;{cm}} $为单位，保留1位有效数字)","- 9"
"16","0","表示一定质量的煤。无论是在室内直接用于供暖，还是在 \( 1000^{\circ} \mathrm{C} \) 的发电厂中燃烧，我们都假定燃烧时可提供 \( 100 \, \mathrm{J} \) 的热量。发电厂为理想状态（无损耗），其废热排放至 \( 30^{\circ} \mathrm{C} \) 的河流。问当该煤在发电厂燃烧转化为电能后，电能供给房间内一台将热量从 \( 0^{\circ} \mathrm{C} \) 的低温热源泵送至 \( 30^{\circ} \mathrm{C} \) 的室内空气的热泵。此时，房间能获得多少热量？ (结果以$ \mathrm{\;J} $为单位，保留3位有效数字)","770"
"16","1","表示一定质量的煤。无论是在室内直接用于供暖，还是在 \( 1000^{\circ} \mathrm{C} \) 的发电厂中燃烧，我们都假定燃烧时可提供 \( 100 \, \mathrm{J} \) 的热量。发电厂为理想状态（无损耗），其废热排放至 \( 30^{\circ} \mathrm{C} \) 的河流。问当该煤在发电厂燃烧转化为电能后，电能供给房间内一台将热量从 \( 0^{\circ} \mathrm{C} \) 的低温热源泵送至 \( 40^{\circ} \mathrm{C} \) 的室内空气的热泵。此时，房间能获得多少热量？ (结果以$ \mathrm{\;J} $为单位，保留3位有效数字)","596"
"16","2","表示一定质量的煤。无论是在室内直接用于供暖，还是在 \( 1000^{\circ} \mathrm{C} \) 的发电厂中燃烧，我们都假定燃烧时可提供 \( 100 \, \mathrm{J} \) 的热量。发电厂为理想状态（无损耗），其废热排放至 \( 30^{\circ} \mathrm{C} \) 的河流。问当该煤在发电厂燃烧转化为电能后，电能供给房间内一台将热量从 \( 0^{\circ} \mathrm{C} \) 的低温热源泵送至 \( 50^{\circ} \mathrm{C} \) 的室内空气的热泵。此时，房间能获得多少热量？ (结果以$ \mathrm{\;J} $为单位，保留3位有效数字)","492"
"16","3","表示一定质量的煤。无论是在室内直接用于供暖，还是在 \( 1000^{\circ} \mathrm{C} \) 的发电厂中燃烧，我们都假定燃烧时可提供 \( 100 \, \mathrm{J} \) 的热量。发电厂为理想状态（无损耗），其废热排放至 \( 30^{\circ} \mathrm{C} \) 的河流。问当该煤在发电厂燃烧转化为电能后，电能供给房间内一台将热量从 \( 0^{\circ} \mathrm{C} \) 的低温热源泵送至 \( 60^{\circ} \mathrm{C} \) 的室内空气的热泵。此时，房间能获得多少热量？ (结果以$ \mathrm{\;J} $为单位，保留3位有效数字)","423"
"83","0","方向与频率相同的两个的简谐振动分别可表示为 \( x_1 = 0.90 \cos(8\pi t - \pi/4) \) 和 \( x_2 = 0.60 \cos(8\pi t - 3\pi/4) \) (SI单位)。求合振动的振幅。 (结果以$ \mathrm{\;m} $为单位，保留3位有效数字)"," 1.08"
"83","1","方向与频率相同的两个的简谐振动分别可表示为 \( x_1 = 0.90 \cos(8\pi t - \pi/4) \) 和 \( x_2 = 0.90 \cos(8\pi t - 3\pi/4) \) (SI单位)。求合振动的振幅。 (结果以$ \mathrm{\;m} $为单位，保留3位有效数字)","1.27"
"83","2","方向与频率相同的两个的简谐振动分别可表示为 \( x_1 = 0.90 \cos(8\pi t - \pi/4) \) 和 \( x_2 = 0.80 \cos(8\pi t - 3\pi/4) \) (SI单位)。求合振动的振幅。 (结果以$ \mathrm{\;m} $为单位，保留3位有效数字)","1.20"
"83","3","方向与频率相同的两个的简谐振动分别可表示为 \( x_1 = 0.90 \cos(8\pi t - \pi/4) \) 和 \( x_2 = 0.50 \cos(8\pi t - 3\pi/4) \) (SI单位)。求合振动的振幅。 (结果以$ \mathrm{\;m} $为单位，保留3位有效数字)","1.03"
"5","0","一个体积为 \( V = 2 \times 10^{-3} \, \text{m}^3 \) 的密封容器内，装有质量为 \( m = 0.01 \, \text{kg} \) 的氧气气体，其压强计读数为 \( P = 9.07 \times 10^4 \, \text{Pa} \)。求氧气分子的平均平动动能。 (结果使用科学计数法，以$ \mathrm{\;J}  $为单位，保留3位有效数字)","2.41 \times 10^{-21}"
"5","1","一个体积为 \( V = 2 \times 10^{-3} \, \text{m}^3 \) 的密封容器内，装有质量为 \( m = 0.02 \, \text{kg} \) 的氧气气体，其压强计读数为 \( P = 9.07 \times 10^4 \, \text{Pa} \)。求氧气分子的平均平动动能。 (结果使用科学计数法，以$ \mathrm{\;J}  $为单位，保留4位有效数字)","1.205 \times 10^{-21}"
"5","2","一个体积为 \( V = 2 \times 10^{-3} \, \text{m}^3 \) 的密封容器内，装有质量为 \( m = 0.1 \, \text{kg} \) 的氧气气体，其压强计读数为 \( P = 9.07 \times 10^4 \, \text{Pa} \)。求氧气分子的平均平动动能。 (结果使用科学计数法，以$ \mathrm{\;J}  $为单位，保留3位有效数字)","2.41 \times 10^{-22}"
"5","3","一个体积为 \( V = 2 \times 10^{-3} \, \text{m}^3 \) 的密封容器内，装有质量为 \( m =1 \, \text{kg} \) 的氧气气体，其压强计读数为 \( P = 9.07 \times 10^4 \, \text{Pa} \)。求氧气分子的平均平动动能。 (结果使用科学计数法，以$ \mathrm{\;J}  $为单位，保留3位有效数字)","2.41 \times 10^{-19}"
"98","0","一横波沿细弦传播时的位移表达式为 \( \xi = {0.05}\sin \left( {{10\pi t} - {4\pi x}}\right) \left( \mathrm{{SI}}\right) \)。求此波的振幅。 (结果以$ \mathrm{\;m}  $为单位，保留1位有效数字)"," 0.05"
"98","1","一横波沿细弦传播时的位移表达式为 \( \xi = {1.3}\sin \left( {{10\pi t} - {4\pi x}}\right) \left( \mathrm{{SI}}\right) \)。求此波的振幅。 (结果以$ \mathrm{\;m}  $为单位，保留2位有效数字)"," 1.3"
"98","2","一横波沿细弦传播时的位移表达式为 \( \xi = {0.15}\sin \left( {{10\pi t} - {4\pi x}}\right) \left( \mathrm{{SI}}\right) \)。求此波的振幅。 (结果以$ \mathrm{\;m}  $为单位，保留2位有效数字)"," 0.15"
"98","3","一横波沿细弦传播时的位移表达式为 \( \xi = {3.05}\sin \left( {{10\pi t} - {4\pi x}}\right) \left( \mathrm{{SI}}\right) \)。求此波的振幅。 (结果以$ \mathrm{\;m}  $为单位，保留3位有效数字)"," 3.05"
"49","0","一个 μ 原子系统由电荷为 \( + {Ze} \) 的原子核束缚一个 \( {\mu }^{ - } \) 子形成，其中 \( {\mu }^{ - } \) 子的电量等于电子电荷，但质量为电子质量的 207 倍。请求出主量子数 \( n = 1 \) 对应的轨道半径。 (结果使用科学计数法，以$ \mathrm{\;m}  $为单位，保留3位有效数字)","2.57 \times 10^{13}"
"49","1","一个 μ 原子系统由电荷为 \( + {Ze} \) 的原子核束缚一个 \( {\mu }^{ - } \) 子形成，其中 \( {\mu }^{ - } \) 子的电量等于电子电荷，但质量为电子质量的 210 倍。请求出主量子数 \( n = 1 \) 对应的轨道半径。 (结果使用科学计数法，以$ \mathrm{\;m}  $为单位，保留3位有效数字)","1.03 \times 10^{13}"
"49","2","一个 μ 原子系统由电荷为 \( + {Ze} \) 的原子核束缚一个 \( {\mu }^{ - } \) 子形成，其中 \( {\mu }^{ - } \) 子的电量等于电子电荷，但质量为电子质量的 200 倍。请求出主量子数 \( n = 1 \) 对应的轨道半径。 (结果使用科学计数法，以$ \mathrm{\;m}  $为单位，保留3位有效数字)","2.52 \times 10^{13}"
"49","3","一个 μ 原子系统由电荷为 \( + {Ze} \) 的原子核束缚一个 \( {\mu }^{ - } \) 子形成，其中 \( {\mu }^{ - } \) 子的电量等于电子电荷，但质量为电子质量的 220 倍。请求出主量子数 \( n = 1 \) 对应的轨道半径。 (结果使用科学计数法，以$ \mathrm{\;m}  $为单位，保留3位有效数字)","2.65 \times 10^{13}"
"23","0","两个同心球面，内球面半径为 \( 10 \, \text{cm} \)，外球面半径为 \( 20 \, \text{cm} \)，每个球面都带有相同的面电荷密度 \( \sigma \)。以无限远处为电势零点，球心处的电势测量值为 \( 300 \, \text{V} \)。求电荷面密度 \( \sigma \)。 (结果使用科学计数法，以$ \mathrm{C}/{\mathrm{m}}^{2} $为单位，保留3位有效数字)","8.85 \times 10^{-9}"
"23","1","两个同心球面，内球面半径为 \( 10 \, \text{cm} \)，外球面半径为 \( 20 \, \text{cm} \)，每个球面都带有相同的面电荷密度 \( \sigma \)。以无限远处为电势零点，球心处的电势测量值为 \( 400 \, \text{V} \)。求电荷面密度 \( \sigma \)。 (结果使用科学计数法，以$ \mathrm{C}/{\mathrm{m}}^{2} $为单位，保留3位有效数字)","1.27 \times 10^{-8}"
"23","2","两个同心球面，内球面半径为 \( 10 \, \text{cm} \)，外球面半径为 \( 20 \, \text{cm} \)，每个球面都带有相同的面电荷密度 \( \sigma \)。以无限远处为电势零点，球心处的电势测量值为 \( 500 \, \text{V} \)。求电荷面密度 \( \sigma \)。 (结果使用科学计数法，以$ \mathrm{C}/{\mathrm{m}}^{2} $为单位，保留5位有效数字)","1.4625 \times 10^{-9}"
"23","3","两个同心球面，内球面半径为 \( 10 \, \text{cm} \)，外球面半径为 \( 20 \, \text{cm} \)，每个球面都带有相同的面电荷密度 \( \sigma \)。以无限远处为电势零点，球心处的电势测量值为 \( 600 \, \text{V} \)。求电荷面密度 \( \sigma \)。 (结果使用科学计数法，以$ \mathrm{C}/{\mathrm{m}}^{2} $为单位，保留3位有效数字)","1.65 \times 10^{-9}"
"77","0","一个体积为 \( 1 \, \text{m}^3 \) 的密闭箱体中装有 \( 1 \, \text{mol} \) 氧气，该箱体正以 \( 10 \, \text{m/s} \) 的速度进行匀速直线运动。若箱体突然被固定停止，且氧气定向运动动能的 \( 80\% \) 被转化为分子无序热运动动能，求箱体内气体压强的增加量。 (结果以$ \mathrm{\;{Pa}} $为单位，保留2位有效数字)","  0.51"
"77","1","一个体积为 \( 1 \, \text{m}^3 \) 的密闭箱体中装有 \( 1 \, \text{mol} \) 氧气，该箱体正以 \( 10 \, \text{m/s} \) 的速度进行匀速直线运动。若箱体突然被固定停止，且氧气定向运动动能的 \( 90\% \) 被转化为分子无序热运动动能，求箱体内气体压强的增加量。 (结果以$ \mathrm{\;{Pa}} $为单位，保留3位有效数字)","  0.579"
"77","2","一个体积为 \( 1 \, \text{m}^3 \) 的密闭箱体中装有 \( 2 \, \text{mol} \) 氧气，该箱体正以 \( 10 \, \text{m/s} \) 的速度进行匀速直线运动。若箱体突然被固定停止，且氧气定向运动动能的 \( 80\% \) 被转化为分子无序热运动动能，求箱体内气体压强的增加量。 (结果以$ \mathrm{\;{Pa}} $为单位，保留4位有效数字)","  1.024"
"77","3","一个体积为 \( 1 \, \text{m}^3 \) 的密闭箱体中装有 \( 3 \, \text{mol} \) 氧气，该箱体正以 \( 10 \, \text{m/s} \) 的速度进行匀速直线运动。若箱体突然被固定停止，且氧气定向运动动能的 \( 70\% \) 被转化为分子无序热运动动能，求箱体内气体压强的增加量。 (结果以$ \mathrm{\;{Pa}} $为单位，保留4位有效数字)","  1.343"
"27","0","冰球以 1 米/秒的速度在冰面上滑动，滑行 2.5 米后停止。求冰面与冰球之间的摩擦系数。 (结果保留1位有效数字)"," 0.02"
"27","1","冰球以 2米/秒的速度在冰面上滑动，滑行 3.5 米后停止。求冰面与冰球之间的摩擦系数。 (结果保留2位有效数字)"," 0.058"
"27","2","冰球以2米/秒的速度在冰面上滑动，滑行4米后停止。求冰面与冰球之间的摩擦系数。 (结果保留2位有效数字)"," 0.051"
"27","3","冰球以4米/秒的速度在冰面上滑动，滑行4米后停止。求冰面与冰球之间的摩擦系数。 (结果保留3位有效数字)"," 0.204"
"69","0","在平静的湖面上有一艘停着的船。船长决定将 \( m = 200\,\mathrm{kg} \) 的货物升到长 \( l = 20\,\mathrm{m} \) 的吊杆顶上来使船运动。船及其负载（不包括货物）的质量 \( M = 1000\,\mathrm{kg} \)。货物升到吊杆顶后船的运动速度多大？ (结果使用科学计数法，以$ \mathrm{\;m}/\mathrm{s} $为单位，保留3位有效数字)","4.85 \times 10^{-4}"
"69","1","在平静的湖面上有一艘停着的船。船长决定将 \( m = 100\,\mathrm{kg} \) 的货物升到长 \( l = 20\,\mathrm{m} \) 的吊杆顶上来使船运动。船及其负载（不包括货物）的质量 \( M = 1000\,\mathrm{kg} \)。货物升到吊杆顶后船的运动速度多大？ (结果使用科学计数法，以$ \mathrm{\;m}/\mathrm{s} $为单位，保留3位有效数字)","2.64 \times 10^{-4}"
"69","2","在平静的湖面上有一艘停着的船。船长决定将 \( m = 300\,\mathrm{kg} \) 的货物升到长 \( l = 20\,\mathrm{m} \) 的吊杆顶上来使船运动。船及其负载（不包括货物）的质量 \( M = 1000\,\mathrm{kg} \)。货物升到吊杆顶后船的运动速度多大？ (结果使用科学计数法，以$ \mathrm{\;m}/\mathrm{s} $为单位，保留3位有效数字)","6.71 \times 10^{-4}"
"69","3","在平静的湖面上有一艘停着的船。船长决定将 \( m = 400\,\mathrm{kg} \) 的货物升到长 \( l = 20\,\mathrm{m} \) 的吊杆顶上来使船运动。船及其负载（不包括货物）的质量 \( M = 1000\,\mathrm{kg} \)。货物升到吊杆顶后船的运动速度多大？ (结果使用科学计数法，以$ \mathrm{\;m}/\mathrm{s} $为单位，保留2位有效数字)","9.7 \times 10^{-4}"
"22","0","假设太阳被理想化为一个黑体，通过实验观测，其光谱中辐射出射度最大的波长 \( {\lambda }_{\mathrm{m}} \) 为 \( {483}\mathrm{\;{nm}} \)。请问太阳表面的温度大约是多少? (结果以$ \mathrm{\;K} $为单位，保留4位有效数字)","  6000"
"22","1","假设太阳被理想化为一个黑体，通过实验观测，其光谱中辐射出射度最大的波长 \( {\lambda }_{\mathrm{m}} \) 为 \( {490}\mathrm{\;{nm}} \)。请问太阳表面的温度大约是多少? (结果以$ \mathrm{\;K} $为单位，保留4位有效数字)","  5910"
"22","2","假设太阳被理想化为一个黑体，通过实验观测，其光谱中辐射出射度最大的波长 \( {\lambda }_{\mathrm{m}} \) 为 \( {500}\mathrm{\;{nm}} \)。请问太阳表面的温度大约是多少? (结果以$ \mathrm{\;K} $为单位，保留4位有效数字)","  5796"
"22","3","假设太阳被理想化为一个黑体，通过实验观测，其光谱中辐射出射度最大的波长 \( {\lambda }_{\mathrm{m}} \) 为 \( {600}\mathrm{\;{nm}} \)。请问太阳表面的温度大约是多少? (结果以$ \mathrm{\;K} $为单位，保留4位有效数字)","  4830"
"15","0","一个物体从静止状态开始做自由落体运动，求其在第2秒末的瞬时速度。 (结果保留4位有效数字)","
19.6"
"15","1","一个物体从静止状态开始做自由落体运动，求其在第3秒末的瞬时速度。 (结果保留4位有效数字)","
29.4"
"15","2","一个物体从静止状态开始做自由落体运动，求其在第4秒末的瞬时速度。 (结果保留4位有效数字)","
39.2"
"15","3","一个物体从静止状态开始做自由落体运动，求其在第5秒末的瞬时速度。 (结果保留3位有效数字)","
49"
"59","0","一个粒子以 \( 0.8c \) 的速率运动，在实验室参考系中观察到其飞行路径长度为 \( 3\,\text{m} \) 后发生衰变。在粒子静止的参考系中，该粒子衰变前的存在时间是多少？ (结果使用科学计数法，以$ {\prime $为单位，保留2位有效数字)","7.5 \times 10^{-9}"
"59","1","一个粒子以 \( 0.4c \) 的速率运动，在实验室参考系中观察到其飞行路径长度为 \( 3\,\text{m} \) 后发生衰变。在粒子静止的参考系中，该粒子衰变前的存在时间是多少？ (结果使用科学计数法，以$ {\prime $为单位，保留2位有效数字)","9.6 \times 10^{-8}"
"59","2","一个粒子以 \( 0.2c \) 的速率运动，在实验室参考系中观察到其飞行路径长度为 \( 3\,\text{m} \) 后发生衰变。在粒子静止的参考系中，该粒子衰变前的存在时间是多少？ (结果使用科学计数法，以$ {\prime $为单位，保留2位有效数字)","1.2 \times 10^{-7}"
"59","3","一个粒子以 \( 0.9c \) 的速率运动，在实验室参考系中观察到其飞行路径长度为 \( 3\,\text{m} \) 后发生衰变。在粒子静止的参考系中，该粒子衰变前的存在时间是多少？ (结果使用科学计数法，以$ {\prime $为单位，保留2位有效数字)","5.4 \times 10^{-8}"
"39","0","一个顶角 \( A = 60^\circ \) 的棱镜，由折射率 \( n = 1.70 \) 的光学玻璃制成。已知该材料在对应波段的色散率 \(\frac{\mathrm{d}n}{\mathrm{d}\lambda} = 956  \mathrm{\;cm}^{-1}\)。试计算波长 \( \lambda_1 = 5980  \text{\AA} \) 和 \( \lambda_2 = 5896  \text{\AA} \) 的两条黄色谱线所分开的角度。 (结果以$ {\prime $为单位，保留2位有效数字)"," 0.53"
"39","1","一个顶角 \( A = 60^\circ \) 的棱镜，由折射率 \( n = 1.70 \) 的光学玻璃制成。已知该材料在对应波段的色散率 \(\frac{\mathrm{d}n}{\mathrm{d}\lambda} = 800 \mathrm{\;cm}^{-1}\)。试计算波长 \( \lambda_1 = 5980  \text{\AA} \) 和 \( \lambda_2 = 5896  \text{\AA} \) 的两条黄色谱线所分开的角度。 (结果以$ {\prime $为单位，保留3位有效数字)"," 0.0403"
"39","2","一个顶角 \( A = 60^\circ \) 的棱镜，由折射率 \( n = 1.70 \) 的光学玻璃制成。已知该材料在对应波段的色散率 \(\frac{\mathrm{d}n}{\mathrm{d}\lambda} = 700  \mathrm{\;cm}^{-1}\)。试计算波长 \( \lambda_1 = 5980  \text{\AA} \) 和 \( \lambda_2 = 5896  \text{\AA} \) 的两条黄色谱线所分开的角度。 (结果以$ {\prime $为单位，保留3位有效数字)"," 0.0353"
"39","3","一个顶角 \( A = 60^\circ \) 的棱镜，由折射率 \( n = 1.70 \) 的光学玻璃制成。已知该材料在对应波段的色散率 \(\frac{\mathrm{d}n}{\mathrm{d}\lambda} = 600 \mathrm{\;cm}^{-1}\)。试计算波长 \( \lambda_1 = 5980  \text{\AA} \) 和 \( \lambda_2 = 5896  \text{\AA} \) 的两条黄色谱线所分开的角度。 (结果以$ {\prime $为单位，保留3位有效数字)"," 0.0303"
"89","0","某真空实验装置的压强为 \(1.01 \times 10^{-10}  \mathrm{Pa}\)，在 \(27^\circ \mathrm{C}\) 的温度下，求 \(1  \mathrm{m}^{3}\) 体积内气体分子的数量。 (结果使用科学计数法，以$ \mathrm{~m}^{-3} $为单位，保留3位有效数字)","2.44 \times 10^{10}"
"89","1","某真空实验装置的压强为 \(1.2 \times 10^{-10}  \mathrm{Pa}\)，在 \(27^\circ \mathrm{C}\) 的温度下，求 \(1  \mathrm{m}^{3}\) 体积内气体分子的数量。 (结果使用科学计数法，以$ \mathrm{~m}^{-3} $为单位，保留3位有效数字)","2.90 \times 10^{10}"
"89","2","某真空实验装置的压强为 \(1.72\times 10^{-10}  \mathrm{Pa}\)，在 \(27^\circ \mathrm{C}\) 的温度下，求 \(1 \mathrm{m}^{3}\) 体积内气体分子的数量。 (结果使用科学计数法，以$ \mathrm{~m}^{-3} $为单位，保留3位有效数字)","4.16 \times 10^{10}"
"89","3","某真空实验装置的压强为 \(2.35 \times 10^{-10}  \mathrm{Pa}\)，在 \(27^\circ \mathrm{C}\) 的温度下，求 \(1  \mathrm{m}^{3}\) 体积内气体分子的数量。 (结果使用科学计数法，以$ \mathrm{~m}^{-3} $为单位，保留3位有效数字)","5.68 \times 10^{10}"
"45","0","在静息状态下，健康成年人的主动脉平均血流速度为 \( 0.33 \, \mathrm{m} \cdot \mathrm{s}^{-1} \)。若主动脉横截面积为 \( 20 \times 10^{-4} \, \mathrm{m}^{2} \)，毛细血管床总横截面积为 \( 0.25 \, \mathrm{m}^{2} \)，计算毛细血管内血液的平均流速。 (结果使用科学计数法，以$ \mathrm{\;m} \cdot  {\mathrm{s}}^{-1} $为单位，保留3位有效数字)","3.36 \times 10^{-4}"
"45","1","在静息状态下，健康成年人的主动脉平均血流速度为 \( 0.33 \, \mathrm{m} \cdot \mathrm{s}^{-1} \)。若主动脉横截面积为 \( 20 \times 10^{-4} \, \mathrm{m}^{2} \)，毛细血管床总横截面积为 \( 0.35 \, \mathrm{m}^{2} \)，计算毛细血管内血液的平均流速。 (结果使用科学计数法，以$ \mathrm{\;m} \cdot  {\mathrm{s}}^{-1} $为单位，保留2位有效数字)","2.4 \times 10^{-4}"
"45","2","在静息状态下，健康成年人的主动脉平均血流速度为 \( 0.33 \, \mathrm{m} \cdot \mathrm{s}^{-1} \)。若主动脉横截面积为 \( 20 \times 10^{-4} \, \mathrm{m}^{2} \)，毛细血管床总横截面积为 \( 0.4 \, \mathrm{m}^{2} \)，计算毛细血管内血液的平均流速。 (结果使用科学计数法，以$ \mathrm{\;m} \cdot  {\mathrm{s}}^{-1} $为单位，保留2位有效数字)","2.1 \times 10^{-4}"
"45","3","在静息状态下，健康成年人的主动脉平均血流速度为 \( 0.33 \, \mathrm{m} \cdot \mathrm{s}^{-1} \)。若主动脉横截面积为 \( 20 \times 10^{-4} \, \mathrm{m}^{2} \)，毛细血管床总横截面积为 \( 0.5 \, \mathrm{m}^{2} \)，计算毛细血管内血液的平均流速。 (结果使用科学计数法，以$ \mathrm{\;m} \cdot  {\mathrm{s}}^{-1} $为单位，保留3位有效数字)","1.68 \times 10^{-4}"
"96","0","在某种电子回旋加速装置中，粒子加速的持续时间为 \( {4.2}\mathrm{\;{ms}} \)，轨道所包围区域的最大磁通量达到 \( {1.8}\mathrm{\;{Wb}} \)。试求电子每完成一次完整轨道循环平均获得的能量。 (结果使用科学计数法，以$ \mathrm{{eV}}  $为单位，保留2位有效数字)","4.3 \times 10^{2}"
"96","1","在某种电子回旋加速装置中，粒子加速的持续时间为 \( {3.2}\mathrm{\;{ms}} \)，轨道所包围区域的最大磁通量达到 \( {1.8}\mathrm{\;{Wb}} \)。试求电子每完成一次完整轨道循环平均获得的能量。 (结果使用科学计数法，以$ \mathrm{{eV}}  $为单位，保留2位有效数字)","5.6 \times 10^{2}"
"96","2","在某种电子回旋加速装置中，粒子加速的持续时间为 \( {6.2}\mathrm{\;{ms}} \)，轨道所包围区域的最大磁通量达到 \( {1.8}\mathrm{\;{Wb}} \)。试求电子每完成一次完整轨道循环平均获得的能量。 (结果使用科学计数法，以$ \mathrm{{eV}}  $为单位，保留2位有效数字)","2.9 \times 10^{2}"
"96","3","在某种电子回旋加速装置中，粒子加速的持续时间为 \( {1.2}\mathrm{\;{ms}} \)，轨道所包围区域的最大磁通量达到 \( {1.8}\mathrm{\;{Wb}} \)。试求电子每完成一次完整轨道循环平均获得的能量。 (结果使用科学计数法，以$ \mathrm{{eV}}  $为单位，保留2位有效数字)","1.5 \times 10^{2}"
"71","0","求一个放大倍率为 5 的目镜的焦深。 (结果以$ \mathrm{\;{cm}} $为单位，保留2位有效数字)"," 0.83"
"71","1","求一个放大倍率为 6 的目镜的焦深。 (结果以$ \mathrm{\;{cm}} $为单位，保留2位有效数字)"," 0.60"
"71","2","求一个放大倍率为 7 的目镜的焦深。 (结果以$ \mathrm{\;{cm}} $为单位，保留2位有效数字)"," 0.45"
"71","3","求一个放大倍率为 8 的目镜的焦深。 (结果以$ \mathrm{\;{cm}} $为单位，保留2位有效数字)"," 0.35"
"92","0","一质点沿半径为 \( R = 0.1 \, \mathrm{m} \) 的圆形轨道运动，其角位置函数为 \( \theta(t) = 2 + 4t^{3} \)，其中 \( \theta \) 的单位为 rad，时间 \( t \) 的单位为 s。求时间 \( t \) 为多少时，质点的法向加速度与切向加速度的大小相等。 (结果以$ \mathrm{\;s}  $为单位，保留2位有效数字)"," 0.55"
"92","1","一质点沿半径为 \( R = 0.2 \, \mathrm{m} \) 的圆形轨道运动，其角位置函数为 \( \theta(t) = 2 + 3t^{3} \)，其中 \( \theta \) 的单位为 rad，时间 \( t \) 的单位为 s。求时间 \( t \) 为多少时，质点的法向加速度与切向加速度的大小相等。 (结果以$ \mathrm{\;s}  $为单位，保留1位有效数字)"," 0.6"
"92","2","一质点沿半径为 \( R = 0.3 \, \mathrm{m} \) 的圆形轨道运动，其角位置函数为 \( \theta(t) = 2 + 2t^{3} \)，其中 \( \theta \) 的单位为 rad，时间 \( t \) 的单位为 s。求时间 \( t \) 为多少时，质点的法向加速度与切向加速度的大小相等。 (结果以$ \mathrm{\;s}  $为单位，保留2位有效数字)"," 0.69"
"92","3","一质点沿半径为 \( R = 0.4 \, \mathrm{m} \) 的圆形轨道运动，其角位置函数为 \( \theta(t) = 2+ t^{3} \)，其中 \( \theta \) 的单位为 rad，时间 \( t \) 的单位为 s。求时间 \( t \) 为多少时，质点的法向加速度与切向加速度的大小相等。 (结果以$ \mathrm{\;s}  $为单位，保留2位有效数字)"," 0.87"
"20","0","一个环形线圈的平均周长 \( l = 10  \mathrm{cm} \)，绕组总匝数 100 匝，当通过电流 \( 1.0  \mathrm{A} \) 时，求环内磁感应强度 \( B_0 \) 的大小。 (结果以$ \left\lbrack  \mathrm{\;T}\right $为单位，保留4位有效数字)"," 1000"
"20","1","一个环形线圈的平均周长 \( l = 10  \mathrm{cm} \)，绕组总匝数 100 匝，当通过电流 \( 2.0  \mathrm{A} \) 时，求环内磁感应强度 \( B_0 \) 的大小。 (结果以$ \left\lbrack  \mathrm{\;T}\right $为单位，保留4位有效数字)"," 2000"
"20","2","一个环形线圈的平均周长 \( l = 10  \mathrm{cm} \)，绕组总匝数 100 匝，当通过电流 \( 3.0  \mathrm{A} \) 时，求环内磁感应强度 \( B_0 \) 的大小。 (结果以$ \left\lbrack  \mathrm{\;T}\right $为单位，保留4位有效数字)"," 3000"
"20","3","一个环形线圈的平均周长 \( l = 10  \mathrm{cm} \)，绕组总匝数 100 匝，当通过电流 \( 4.0  \mathrm{A} \) 时，求环内磁感应强度 \( B_0 \) 的大小。 (结果以$ \left\lbrack  \mathrm{\;T}\right $为单位，保留4位有效数字)"," 4000"
"55","0","在阴极射线管中，电子被 \( 9.0 \times 10^{3} \, \text{V} \) 的电压加速，电子束发射孔径的直径为 \( 0.50 \, \text{mm} \)，该孔径到显示屏幕的距离为 \( 0.30 \, \text{m} \)。求显示屏幕上电子形成的光斑直径。 (结果使用科学计数法，以$ \mathrm{\;m} $为单位，保留2位有效数字)","1.2 \times 10^{-9}"
"55","1","在阴极射线管中，电子被 \( 8.0 \times 10^{3} \, \text{V} \) 的电压加速，电子束发射孔径的直径为 \( 0.50 \, \text{mm} \)，该孔径到显示屏幕的距离为 \( 0.30 \, \text{m} \)。求显示屏幕上电子形成的光斑直径。 (结果使用科学计数法，以$ \mathrm{\;m} $为单位，保留2位有效数字)","8.2 \times 10^{-9}"
"55","2","在阴极射线管中，电子被 \( 10.0 \times 10^{3} \, \text{V} \) 的电压加速，电子束发射孔径的直径为 \( 0.50 \, \text{mm} \)，该孔径到显示屏幕的距离为 \( 0.30 \, \text{m} \)。求显示屏幕上电子形成的光斑直径。 (结果使用科学计数法，以$ \mathrm{\;m} $为单位，保留3位有效数字)","7.38 \times 10^{-9}"
"55","3","在阴极射线管中，电子被 \( 14.0 \times 10^{3} \, \text{V} \) 的电压加速，电子束发射孔径的直径为 \( 0.50 \, \text{mm} \)，该孔径到显示屏幕的距离为 \( 0.30 \, \text{m} \)。求显示屏幕上电子形成的光斑直径。 (结果使用科学计数法，以$ \mathrm{\;m} $为单位，保留3位有效数字)","6.22 \times 10^{-9}"
"6","0","在匀强磁场中，一个静止的原子核经历α衰变。衰变后，α粒子和子核在相同磁场中均作匀速圆周运动，它们的轨道半径比为45:1，运动周期比为90:117。请求出衰变前原子核的中子数。 (结果保留3位有效数字)","146"
"6","1","在匀强磁场中，一个静止的原子核经历α衰变。衰变后，α粒子和子核在相同磁场中均作匀速圆周运动，它们的轨道半径比为46:1，运动周期比为90:117。请求出衰变前原子核的中子数。 (结果保留3位有效数字)","144"
"6","2","在匀强磁场中，一个静止的原子核经历α衰变。衰变后，α粒子和子核在相同磁场中均作匀速圆周运动，它们的轨道半径比为47:1，运动周期比为90:117。请求出衰变前原子核的中子数。 (结果保留3位有效数字)","142"
"6","3","在匀强磁场中，一个静止的原子核经历α衰变。衰变后，α粒子和子核在相同磁场中均作匀速圆周运动，它们的轨道半径比为48:1，运动周期比为90:117。请求出衰变前原子核的中子数。 (结果保留3位有效数字)","140"
"95","0","某种材料的密度为 \( 3 \, \mathrm{g/cm}^3 \)，对一单色 X 射线束的质量衰减系数是 \( 0.03 \, \mathrm{cm}^2/\mathrm{g} \)。该射线束通过厚度为 \( 1 \, \mathrm{mm} \) 的该材料层后，透射强度占初始强度的百分比是多少？ (结果保留3位有效数字)","99.1"
"95","1","某种材料的密度为 \( 3 \, \mathrm{g/cm}^3 \)，对一单色 X 射线束的质量衰减系数是 \( 0.03 \, \mathrm{cm}^2/\mathrm{g} \)。该射线束通过厚度为 \( 2 \, \mathrm{mm} \) 的该材料层后，透射强度占初始强度的百分比是多少？ (结果保留3位有效数字)","98.2"
"95","2","某种材料的密度为 \( 3 \, \mathrm{g/cm}^3 \)，对一单色 X 射线束的质量衰减系数是 \( 0.03 \, \mathrm{cm}^2/\mathrm{g} \)。该射线束通过厚度为 \( 3 \, \mathrm{mm} \) 的该材料层后，透射强度占初始强度的百分比是多少？ (结果保留3位有效数字)","97.3"
"95","3","某种材料的密度为 \( 3 \, \mathrm{g/cm}^3 \)，对一单色 X 射线束的质量衰减系数是 \( 0.03 \, \mathrm{cm}^2/\mathrm{g} \)。该射线束通过厚度为 \( 4 \, \mathrm{mm} \) 的该材料层后，透射强度占初始强度的百分比是多少？ (结果保留3位有效数字)","96.5"
"44","0","使用 \( \frac{3}{8} \) 辛普森数值积分方法计算定积分： \( \int_{0}^{1} \frac{4}{x^{2} + 1}  dx \)。 (结果保留4位有效数字)","  3.133"
"44","1","使用 \( \frac{3}{8} \) 辛普森数值积分方法计算定积分： \( \int_{0}^{1} \frac{5}{x^{2} + 1}  dx \)。 (结果保留5位有效数字)","  3.9231"
"44","2","使用 \( \frac{3}{8} \) 辛普森数值积分方法计算定积分： \( \int_{0}^{1} \frac{6}{x^{2} + 1}  dx \)。 (结果保留4位有效数字)","  4.707"
"44","3","使用 \( \frac{3}{8} \) 辛普森数值积分方法计算定积分： \( \int_{0}^{1} \frac{7}{x^{2} + 1}  dx \)。 (结果保留4位有效数字)","  5.492"
"32","0","一个体积为 \(10  \text{cm}^3\) 的密封石英容器，内部空气压强为 \(6.67 \times 10^{-4}  \text{Pa}\)，温度为 \(300  \text{K}\)。试计算容器内所有空气分子的平均动能总和。 (结果使用科学计数法，保留3位有效数字)","1.67 \times 10^{-8}"
"32","1","一个体积为 \(10  \text{cm}^3\) 的密封石英容器，内部空气压强为 \( 7\times 10^{-4}  \text{Pa}\)，温度为 \(300  \text{K}\)。试计算容器内所有空气分子的平均动能总和。 (结果使用科学计数法，保留3位有效数字)","1.75 \times 10^{-8}"
"32","2","一个体积为 \(10  \text{cm}^3\) 的密封石英容器，内部空气压强为 \(8.2 \times 10^{-4}  \text{Pa}\)，温度为 \(300  \text{K}\)。试计算容器内所有空气分子的平均动能总和。 (结果使用科学计数法，保留3位有效数字)","2.05 \times 10^{-8}"
"32","3","一个体积为 \(10  \text{cm}^3\) 的密封石英容器，内部空气压强为 \(9.35 \times 10^{-4}  \text{Pa}\)，温度为 \(300  \text{K}\)。试计算容器内所有空气分子的平均动能总和。 (结果使用科学计数法，保留3位有效数字)","2.34 \times 10^{-8}"
